CdsCod,AdCod,TipoCorso,n°iscritti,n°passati,Tasso_superamento,voto_medio
E3401Q,E3401Q055,[L2] Corso di Laurea - L2,49,1,0.02,26
E3002Q,E3002Q006,[L2] Corso di Laurea - L2,77,6,0.08,28.33
I0301D,I0301D001,[L2] Corso di Laurea - L2,70,10,0.14,21.5
E3401Q,E3401Q038,[L2] Corso di Laurea - L2,81,12,0.15,22.58
F1601M,F1601M055,[LM] Corso di Laurea Magistrale,78,12,0.15,26
I0302D,I0302D001,[L2] Corso di Laurea - L2,67,10,0.15,21
E4102B,E4102B002,[L2] Corso di Laurea - L2,144,25,0.17,23.84
E3101Q,E3101Q101,[L2] Corso di Laurea - L2,405,74,0.18,20.86
E3101Q,E3101Q104,[L2] Corso di Laurea - L2,555,105,0.19,21.6
I0302D,I0302D003,[L2] Corso di Laurea - L2,83,16,0.19,22.44
E3002Q,E3002Q032,[L2] Corso di Laurea - L2,127,25,0.2,23.28
E3201Q,E3201Q001,[L2] Corso di Laurea - L2,123,25,0.2,23.16
E3501Q,E3501Q003,[L2] Corso di Laurea - L2,117,23,0.2,25.22
F1601M,F1601M063,[LM] Corso di Laurea Magistrale,40,8,0.2,27
F7601M,F7601M051,[LM] Corso di Laurea Magistrale,56,11,0.2,26.55
F7501Q,F7501Q004,[LM] Corso di Laurea Magistrale,76,16,0.21,28.94
E3002Q,E3002Q033,[L2] Corso di Laurea - L2,116,25,0.22,25.52
E4101B,E4101B002,[L2] Corso di Laurea - L2,204,45,0.22,22.96
E4102B,E4102B067,[L2] Corso di Laurea - L2,214,47,0.22,25.89
E2001R,E2001R059,[L2] Corso di Laurea - L2,52,12,0.23,26.67
E3401Q,E3401Q051,[L2] Corso di Laurea - L2,96,23,0.24,25.52
E1601N,E1601N020,[L2] Corso di Laurea - L2,344,87,0.25,20.98
E3401Q,E3401Q036,[L2] Corso di Laurea - L2,92,23,0.25,26.87
E4102B,E4102B005,[L2] Corso di Laurea - L2,264,65,0.25,22.91
E1803M,E1803M047,[L2] Corso di Laurea - L2,552,143,0.26,23.56
E3002Q,E3002Q034,[L2] Corso di Laurea - L2,35,9,0.26,23.11
E3201Q,E3201Q073,[L2] Corso di Laurea - L2,42,11,0.26,26.73
H4601D,H4601D016,[LM6] Laurea Magistrale Ciclo Unico 6 anni,66,17,0.26,28.35
E2701Q,E2701Q036,[L2] Corso di Laurea - L2,100,27,0.27,26.41
E4101B,E4101B001,[L2] Corso di Laurea - L2,315,86,0.27,22.12
F8204B,F8204B002,[LM] Corso di Laurea Magistrale,63,17,0.27,25.94
I0101D,I0101D011,[L2] Corso di Laurea - L2,307,83,0.27,27.42
E3002Q,E3002Q011,[L2] Corso di Laurea - L2,57,16,0.28,24.13
E3401Q,E3401Q004,[L2] Corso di Laurea - L2,171,48,0.28,24.35
I0301D,I0301D003,[L2] Corso di Laurea - L2,75,21,0.28,20.86
I0303D,I0303D001,[L2] Corso di Laurea - L2,53,15,0.28,23.93
E3301M,E3301M131,[L2] Corso di Laurea - L2,299,87,0.29,21.74
E4001N,E4001N015,[L2] Corso di Laurea - L2,257,74,0.29,25.93
I0101D,I0101D004,[L2] Corso di Laurea - L2,437,130,0.3,21.18
E2702Q,E2702Q089,[L2] Corso di Laurea - L2,121,38,0.31,26.74
E2701Q,E2701Q046,[L2] Corso di Laurea - L2,31,10,0.32,25.9
E3401Q,E3401Q001,[L2] Corso di Laurea - L2,188,61,0.32,22.67
E3901N,E3901N028,[L2] Corso di Laurea - L2,192,61,0.32,23.74
E4101B,E4101B003,[L2] Corso di Laurea - L2,182,58,0.32,25.93
E1803M,E1803M037,[L2] Corso di Laurea - L2,147,49,0.33,22.9
E3201Q,E3201Q092,[L2] Corso di Laurea - L2,69,23,0.33,26.09
F9201P,F9201P200,[LM] Corso di Laurea Magistrale,51,17,0.33,28.29
E2701Q,E2701Q045,[L2] Corso di Laurea - L2,47,16,0.34,26.75
E3001Q,E3001Q055,[L2] Corso di Laurea - L2,38,13,0.34,23.08
E3201Q,E3201Q067,[L2] Corso di Laurea - L2,111,38,0.34,22.45
E3401Q,E3401Q013,[L2] Corso di Laurea - L2,156,53,0.34,23.09
F1601M,F1601M056,[LM] Corso di Laurea Magistrale,93,32,0.34,24.22
G8501R,G8501R012,[LM5] Laurea Magistrale Ciclo Unico 5 anni,457,155,0.34,24.5
E1801M,E1801M039,[L2] Corso di Laurea - L2,330,117,0.35,23.39
E2701Q,E2701Q037,[L2] Corso di Laurea - L2,37,13,0.35,27.08
E3002Q,E3002Q028,[L2] Corso di Laurea - L2,85,30,0.35,26.57
E1801M,E1801M032,[L2] Corso di Laurea - L2,408,145,0.36,22.06
E3201Q,E3201Q106,[L2] Corso di Laurea - L2,73,26,0.36,25.31
E4102B,E4102B001,[L2] Corso di Laurea - L2,125,45,0.36,24.11
E3501Q,E3501Q023,[L2] Corso di Laurea - L2,70,26,0.37,26.27
F7601M,F7601M052,[LM] Corso di Laurea Magistrale,92,34,0.37,26
F7702M,F7702M057,[LM] Corso di Laurea Magistrale,230,86,0.37,21.7
I0302D,I0302D009,[L2] Corso di Laurea - L2,54,20,0.37,25
E1401A,E1401A078,[L2] Corso di Laurea - L2,359,135,0.38,23.33
E1802M,E1802M007,[L2] Corso di Laurea - L2,496,189,0.38,24.31
E1802M,E1802M033,[L2] Corso di Laurea - L2,183,70,0.38,25.24
E1803M,E1803M041,[L2] Corso di Laurea - L2,317,121,0.38,24.79
E2701Q,E2701Q034,[L2] Corso di Laurea - L2,132,50,0.38,25.4
E3401Q,E3401Q002,[L2] Corso di Laurea - L2,93,35,0.38,25.03
E4001N,E4001N047,[L2] Corso di Laurea - L2,314,118,0.38,26.89
F0601Q,F0601Q073,[LM] Corso di Laurea Magistrale,65,25,0.38,28.56
F7601M,F7601M075,[LM] Corso di Laurea Magistrale,42,16,0.38,25.31
H4101D,H4101D253,[LM6] Laurea Magistrale Ciclo Unico 6 anni,297,113,0.38,26.81
E1301Q,E1301Q011,[L2] Corso di Laurea - L2,190,75,0.39,24.41
E1803M,E1803M058,[L2] Corso di Laurea - L2,95,37,0.39,25.16
E3002Q,E3002Q030,[L2] Corso di Laurea - L2,49,19,0.39,26.16
E3401Q,E3401Q039,[L2] Corso di Laurea - L2,151,59,0.39,25.86
E3901N,E3901N003,[L2] Corso di Laurea - L2,179,69,0.39,22.03
E4101B,E4101B006,[L2] Corso di Laurea - L2,142,56,0.39,25.64
I0302D,I0302D002,[L2] Corso di Laurea - L2,61,24,0.39,22.42
E1401A,E1401A015,[L2] Corso di Laurea - L2,231,93,0.4,22.58
E1501N,E1501N054,[L2] Corso di Laurea - L2,58,23,0.4,26.3
E2004P,E2004P008,[L2] Corso di Laurea - L2,135,54,0.4,26.15
E2701Q,E2701Q002,[L2] Corso di Laurea - L2,60,24,0.4,24.96
E3301M,E3301M192,[L2] Corso di Laurea - L2,289,115,0.4,23.97
E4102B,E4102B004,[L2] Corso di Laurea - L2,77,31,0.4,
E1802M,E1802M119,[L2] Corso di Laurea - L2,166,68,0.41,23.9
E3401Q,E3401Q044,[L2] Corso di Laurea - L2,75,31,0.41,26.23
E4101B,E4101B023,[L2] Corso di Laurea - L2,131,54,0.41,23.8
581,A5810031,[LM5] Laurea Magistrale Ciclo Unico 5 anni,72,30,0.42,25.23
E1301Q,E1301Q072,[L2] Corso di Laurea - L2,97,41,0.42,28.22
E1803M,E1803M048,[L2] Corso di Laurea - L2,142,60,0.42,24.42
E3201Q,E3201Q076,[L2] Corso di Laurea - L2,76,32,0.42,26.97
I0302D,I0302D005,[L2] Corso di Laurea - L2,31,13,0.42,25.85
E1401A,E1401A005,[L2] Corso di Laurea - L2,306,133,0.43,23.39
E2702Q,E2702Q082,[L2] Corso di Laurea - L2,150,64,0.43,25.16
E3001Q,E3001Q038,[L2] Corso di Laurea - L2,270,115,0.43,23.49
E3001Q,E3001Q054,[L2] Corso di Laurea - L2,68,29,0.43,23.1
E4102B,E4102B009,[L2] Corso di Laurea - L2,72,31,0.43,24.06
F0802Q,F0802Q050,[LM] Corso di Laurea Magistrale,56,24,0.43,29
F7702M,F5102P017,[LM] Corso di Laurea Magistrale,114,49,0.43,26.55
E3001Q,E3001Q046,[L2] Corso di Laurea - L2,126,56,0.44,26.71
E3101Q,E3101Q129,[L2] Corso di Laurea - L2,80,35,0.44,21.91
F7601M,F7601M058,[LM] Corso di Laurea Magistrale,36,16,0.44,28.5
F9201P,F9201P009,[LM] Corso di Laurea Magistrale,52,23,0.44,24.57
I0301D,I0301D002,[L2] Corso di Laurea - L2,59,26,0.44,22
E1301Q,E1301Q007,[L2] Corso di Laurea - L2,187,85,0.45,25.58
E1401A,E1401A085,[L2] Corso di Laurea - L2,139,63,0.45,24.87
E2004P,E2004P013,[L2] Corso di Laurea - L2,99,45,0.45,26.02
E2401P,E2401P007,[L2] Corso di Laurea - L2,538,244,0.45,26.2
H4101D,H4101D040,[LM6] Laurea Magistrale Ciclo Unico 6 anni,257,116,0.45,27.22
I0101D,I0101D001,[L2] Corso di Laurea - L2,579,258,0.45,23.63
I0302D,LING,[L2] Corso di Laurea - L2,42,19,0.45,
581,A5810042,[LM5] Laurea Magistrale Ciclo Unico 5 anni,83,38,0.46,27
E2701Q,E2701Q001,[L2] Corso di Laurea - L2,83,38,0.46,25.61
E2702Q,E2702Q009,[L2] Corso di Laurea - L2,134,61,0.46,27.46
E3101Q,E3101Q103,[L2] Corso di Laurea - L2,507,233,0.46,26.03
E3301M,E3301M128,[L2] Corso di Laurea - L2,414,190,0.46,23.74
E3501Q,E3501Q064,[L2] Corso di Laurea - L2,39,18,0.46,25.78
F5102P,F5102P017,[LM] Corso di Laurea Magistrale,96,44,0.46,27.32
F8204B,F8204B005,[LM] Corso di Laurea Magistrale,57,26,0.46,25.31
H4101D,H4101D021,[LM6] Laurea Magistrale Ciclo Unico 6 anni,215,98,0.46,26.78
H4101D,H4101D039,[LM6] Laurea Magistrale Ciclo Unico 6 anni,291,135,0.46,27.62
I0303D,I0303D003,[L2] Corso di Laurea - L2,52,24,0.46,24.63
581,A5810018,[LM5] Laurea Magistrale Ciclo Unico 5 anni,251,119,0.47,27.03
581,A5810070,[LM5] Laurea Magistrale Ciclo Unico 5 anni,68,32,0.47,26.88
E3001Q,E3001Q040,[L2] Corso di Laurea - L2,184,87,0.47,25.43
E3101Q,E3101Q122,[L2] Corso di Laurea - L2,85,40,0.47,27.78
E3201Q,E3201Q040,[L2] Corso di Laurea - L2,78,37,0.47,24.14
E3501Q,E3501Q004,[L2] Corso di Laurea - L2,81,38,0.47,25.89
E4102B,E4102B006,[L2] Corso di Laurea - L2,93,44,0.47,24.73
F0601Q,F0601Q077,[LM] Corso di Laurea Magistrale,90,42,0.47,27.07
F7701M,F7701M080,[LM] Corso di Laurea Magistrale,290,137,0.47,26.21
E1301Q,E0201Q065,[L2] Corso di Laurea - L2,99,48,0.48,24.33
E1803M,E1803M051,[L2] Corso di Laurea - L2,275,132,0.48,24.74
E1901R,E1901R037,[L2] Corso di Laurea - L2,64,31,0.48,26.61
E2702Q,E2702Q092,[L2] Corso di Laurea - L2,84,40,0.48,26.13
E3001Q,E3001Q042,[L2] Corso di Laurea - L2,191,92,0.48,27.84
E3201Q,E3201Q091,[L2] Corso di Laurea - L2,60,29,0.48,24.59
E4102B,E4102B081,[L2] Corso di Laurea - L2,64,31,0.48,25.55
I0102D,I0102D013,[L2] Corso di Laurea - L2,33,16,0.48,26.69
581,A5810011,[LM5] Laurea Magistrale Ciclo Unico 5 anni,197,97,0.49,27.23
E0201Q,E0201Q059,[L2] Corso di Laurea - L2,148,73,0.49,23.41
E1301Q,E1301Q068,[L2] Corso di Laurea - L2,57,28,0.49,26.29
E3101Q,E3101Q131,[L2] Corso di Laurea - L2,59,29,0.49,28.14
E3501Q,E3501Q051,[L2] Corso di Laurea - L2,103,50,0.49,25.44
E4101B,E4101B014,[L2] Corso di Laurea - L2,109,53,0.49,25.98
E4101B,E4101B020,[L2] Corso di Laurea - L2,99,49,0.49,23.73
F5401Q,F5401Q027,[LM] Corso di Laurea Magistrale,45,22,0.49,27.91
F7702M,F7702M044,[LM] Corso di Laurea Magistrale,194,96,0.49,25.34
H4601D,H4601D001,[LM6] Laurea Magistrale Ciclo Unico 6 anni,47,23,0.49,24.7
581,A5810019,[LM5] Laurea Magistrale Ciclo Unico 5 anni,517,258,0.5,25.19
E1601N,E1601N049,[L2] Corso di Laurea - L2,190,95,0.5,23.92
E1803M,E1803M060,[L2] Corso di Laurea - L2,92,46,0.5,25.04
E2401P,E2401P109,[L2] Corso di Laurea - L2,56,28,0.5,26.14
E3101Q,E3101Q100,[L2] Corso di Laurea - L2,304,151,0.5,20.65
E3301M,E3301M159,[L2] Corso di Laurea - L2,107,53,0.5,22.34
E4001N,E4001N050,[L2] Corso di Laurea - L2,138,69,0.5,24.51
F0802Q,F0802Q059,[LM] Corso di Laurea Magistrale,36,18,0.5,27.33
F5301Q,F5301Q024,[LM] Corso di Laurea Magistrale,36,18,0.5,28.11
I0101D,I0101D009,[L2] Corso di Laurea - L2,417,209,0.5,23.92
I0102D,I0102D004,[L2] Corso di Laurea - L2,46,23,0.5,24.91
581,A5810017,[LM5] Laurea Magistrale Ciclo Unico 5 anni,352,178,0.51,26.6
581,A5810130,[LM5] Laurea Magistrale Ciclo Unico 5 anni,247,125,0.51,25.1
E1401A,E1401A040,[L2] Corso di Laurea - L2,39,20,0.51,24.85
E1601N,E1601N002,[L2] Corso di Laurea - L2,259,133,0.51,24.05
E1802M,E3301M148,[L2] Corso di Laurea - L2,94,48,0.51,24.73
E2004P,E2004P004,[L2] Corso di Laurea - L2,191,98,0.51,25.71
E2004P,E2004P044,[L2] Corso di Laurea - L2,172,87,0.51,26.16
E2701Q,E2701Q013,[L2] Corso di Laurea - L2,39,20,0.51,26.95
E3201Q,E3201Q069,[L2] Corso di Laurea - L2,112,57,0.51,25.75
E4101B,E4101B004,[L2] Corso di Laurea - L2,75,38,0.51,
E4101B,E4101B005,[L2] Corso di Laurea - L2,210,107,0.51,24.23
F4901N,F4901N009,[LM] Corso di Laurea Magistrale,86,44,0.51,27.2
I0101D,LING,[L2] Corso di Laurea - L2,376,193,0.51,
I0201D,I0201D100,[L2] Corso di Laurea - L2,109,56,0.51,24.88
581,A5810012,[LM5] Laurea Magistrale Ciclo Unico 5 anni,248,130,0.52,26.9
581,A5810135,[LM5] Laurea Magistrale Ciclo Unico 5 anni,61,32,0.52,27.84
E2001R,E2001R004,[L2] Corso di Laurea - L2,263,136,0.52,23.57
E3001Q,E3001Q057,[L2] Corso di Laurea - L2,105,55,0.52,26.27
E3301M,E3301M182,[L2] Corso di Laurea - L2,121,63,0.52,25.19
E3401Q,E3401Q052,[L2] Corso di Laurea - L2,33,17,0.52,26
F0802Q,F0802Q051,[LM] Corso di Laurea Magistrale,86,45,0.52,27.93
F0901D,F0901D029,[LM] Corso di Laurea Magistrale,48,25,0.52,29.2
F5102P,F5102P005,[LM] Corso di Laurea Magistrale,129,67,0.52,28.58
F7702M,F7702M002,[LM] Corso di Laurea Magistrale,180,94,0.52,
F8203B,F8203B030,[LM] Corso di Laurea Magistrale,33,17,0.52,28.53
I0201D,I0201D121,[L2] Corso di Laurea - L2,101,53,0.52,24.58
581,A5810046,[LM5] Laurea Magistrale Ciclo Unico 5 anni,94,50,0.53,27.86
581,A5810056,[LM5] Laurea Magistrale Ciclo Unico 5 anni,66,35,0.53,27.6
E0201Q,E0201Q001,[L2] Corso di Laurea - L2,268,141,0.53,24.54
E1601N,E1601N009,[L2] Corso di Laurea - L2,162,86,0.53,24.77
E1802M,E1802M117,[L2] Corso di Laurea - L2,231,123,0.53,26.41
E1802M,E3301M138,[L2] Corso di Laurea - L2,36,19,0.53,25.26
E1803M,E1803M049,[L2] Corso di Laurea - L2,302,159,0.53,26.19
E3001Q,E3001Q003,[L2] Corso di Laurea - L2,292,154,0.53,25.17
E3001Q,E3001Q043,[L2] Corso di Laurea - L2,233,124,0.53,26.63
E3201Q,E3201Q074,[L2] Corso di Laurea - L2,88,47,0.53,26.36
F0802Q,F0802Q039,[LM] Corso di Laurea Magistrale,47,25,0.53,27.08
F1601M,F1601M042,[LM] Corso di Laurea Magistrale,106,56,0.53,
F5103P,F5103P072,[LM] Corso di Laurea Magistrale,152,81,0.53,26.11
F5104P,F5104P010,[LM] Corso di Laurea Magistrale,55,29,0.53,27.31
I0101D,I0101D006,[L2] Corso di Laurea - L2,337,177,0.53,25.2
I0302D,I0302D011,[L2] Corso di Laurea - L2,47,25,0.53,24.2
581,A5810228,[LM5] Laurea Magistrale Ciclo Unico 5 anni,431,231,0.54,26.48
E1803M,E1803M101,[L2] Corso di Laurea - L2,288,155,0.54,25.79
E3501Q,E3501Q062,[L2] Corso di Laurea - L2,41,22,0.54,25.32
E4001N,E4001N059,[L2] Corso di Laurea - L2,46,25,0.54,24.8
E4101B,E4101B008,[L2] Corso di Laurea - L2,165,89,0.54,23.82
G8501R,G8501R004,[LM5] Laurea Magistrale Ciclo Unico 5 anni,347,186,0.54,23.93
G8501R,G8501R037,[LM5] Laurea Magistrale Ciclo Unico 5 anni,459,248,0.54,27.08
I0101D,I0101D012,[L2] Corso di Laurea - L2,304,163,0.54,25.45
K0101D,K0101D014,[LM] Corso di Laurea Magistrale,39,21,0.54,
581,A5810006,[LM5] Laurea Magistrale Ciclo Unico 5 anni,304,168,0.55,26.68
581,A5810014,[LM5] Laurea Magistrale Ciclo Unico 5 anni,332,183,0.55,25.71
E1601N,E1601N003,[L2] Corso di Laurea - L2,256,142,0.55,24.09
E1802M,E1802M126,[L2] Corso di Laurea - L2,31,17,0.55,27.18
E2701Q,E2701Q035,[L2] Corso di Laurea - L2,74,41,0.55,23.61
E2702Q,E2702Q045,[L2] Corso di Laurea - L2,73,40,0.55,28.33
E3002Q,E3002Q008,[L2] Corso di Laurea - L2,56,31,0.55,25.35
E3401Q,E3401Q017,[L2] Corso di Laurea - L2,55,30,0.55,27.27
E3501Q,E3501Q065,[L2] Corso di Laurea - L2,78,43,0.55,26.12
E4101B,E4101B013,[L2] Corso di Laurea - L2,91,50,0.55,26.6
E4101B,E4101B038,[L2] Corso di Laurea - L2,77,42,0.55,25.33
G8501R,G8501R005,[LM5] Laurea Magistrale Ciclo Unico 5 anni,359,196,0.55,27.83
581,A5810015,[LM5] Laurea Magistrale Ciclo Unico 5 anni,374,208,0.56,26.26
581,A5810227,[LM5] Laurea Magistrale Ciclo Unico 5 anni,520,291,0.56,25.3
E1301Q,E1301Q009,[L2] Corso di Laurea - L2,325,183,0.56,26.42
E1301Q,E1301Q059,[L2] Corso di Laurea - L2,52,29,0.56,26.66
E1501N,E1501N001,[L2] Corso di Laurea - L2,203,113,0.56,24.4
E1801M,E1801M048,[L2] Corso di Laurea - L2,266,148,0.56,23.8
E2401P,E2401P001,[L2] Corso di Laurea - L2,624,351,0.56,24.82
E3501Q,E3501Q010,[L2] Corso di Laurea - L2,39,22,0.56,26.36
F0901D,F0901D034,[LM] Corso di Laurea Magistrale,48,27,0.56,27.85
F0901D,F0901D039,[LM] Corso di Laurea Magistrale,39,22,0.56,27.18
F5102P,F5102P003,[LM] Corso di Laurea Magistrale,80,45,0.56,26.44
F5102P,F5102P014,[LM] Corso di Laurea Magistrale,32,18,0.56,29.06
F7601M,F7601M050,[LM] Corso di Laurea Magistrale,61,34,0.56,25.18
F8203B,F8203B006,[LM] Corso di Laurea Magistrale,34,19,0.56,27.32
F8501R,F8501R001,[LM] Corso di Laurea Magistrale,261,146,0.56,27.71
I0302D,I0302D008,[L2] Corso di Laurea - L2,43,24,0.56,25.5
E1401A,E1401A007,[L2] Corso di Laurea - L2,121,69,0.57,25.12
E1501N,E1501N065,[L2] Corso di Laurea - L2,179,102,0.57,24.81
E1801M,E1801M033,[L2] Corso di Laurea - L2,276,157,0.57,24.57
E1801M,E1801M052,[L2] Corso di Laurea - L2,239,136,0.57,25.53
E1803M,E1803M050,[L2] Corso di Laurea - L2,264,150,0.57,23.64
E1901R,E1901R004,[L2] Corso di Laurea - L2,463,265,0.57,26.97
E2701Q,E2701Q044,[L2] Corso di Laurea - L2,44,25,0.57,26.48
E3001Q,E3001Q036,[L2] Corso di Laurea - L2,247,141,0.57,26.32
E3002Q,E3002Q002,[L2] Corso di Laurea - L2,70,40,0.57,24.33
E3301M,E3301M097,[L2] Corso di Laurea - L2,397,226,0.57,24.66
E4001N,E4001N009,[L2] Corso di Laurea - L2,309,177,0.57,22.58
E4001N,E4001N053,[L2] Corso di Laurea - L2,214,121,0.57,24.92
F0601Q,F0601Q067,[LM] Corso di Laurea Magistrale,60,34,0.57,29.09
F1801Q,F1801Q132,[LM] Corso di Laurea Magistrale,137,78,0.57,27.01
F5104P,F5104P005,[LM] Corso di Laurea Magistrale,214,123,0.57,26.86
G8501R,G8501R036,[LM5] Laurea Magistrale Ciclo Unico 5 anni,336,191,0.57,25.18
H4101D,H4101D013,[LM6] Laurea Magistrale Ciclo Unico 6 anni,207,118,0.57,28.58
I0101D,I0101D016,[L2] Corso di Laurea - L2,351,199,0.57,25.41
581,A5810229,[LM5] Laurea Magistrale Ciclo Unico 5 anni,387,225,0.58,25.97
E0201Q,E0201Q053,[L2] Corso di Laurea - L2,142,83,0.58,23.72
E1301Q,E1301Q010,[L2] Corso di Laurea - L2,198,115,0.58,26.24
E1401A,E1401A019,[L2] Corso di Laurea - L2,33,19,0.58,25.47
E1801M,E1801M028,[L2] Corso di Laurea - L2,419,242,0.58,24.49
E1801M,E1801M030,[L2] Corso di Laurea - L2,254,148,0.58,25.16
E2401P,E2401P118,[L2] Corso di Laurea - L2,96,56,0.58,27.79
E3101Q,E3101Q110,[L2] Corso di Laurea - L2,364,211,0.58,24.09
E3301M,E3301M111,[L2] Corso di Laurea - L2,227,132,0.58,26.79
E3301M,E3301M148,[L2] Corso di Laurea - L2,125,73,0.58,25.19
E4101B,E4101B040,[L2] Corso di Laurea - L2,103,60,0.58,27.52
F0101R,F0101R002,[LM] Corso di Laurea Magistrale,65,38,0.58,27.71
F0901D,F0901D046,[LM] Corso di Laurea Magistrale,48,28,0.58,27
F1801Q,F1801Q134,[LM] Corso di Laurea Magistrale,106,62,0.58,29.21
F5104P,F5104P003,[LM] Corso di Laurea Magistrale,296,172,0.58,26.34
F5701R,F5701R009,[LM] Corso di Laurea Magistrale,179,104,0.58,26.83
I0101D,I0101D015,[L2] Corso di Laurea - L2,332,193,0.58,22.95
I0102D,I0102D001,[L2] Corso di Laurea - L2,50,29,0.58,25.76
I0202D,I0202D101,[L2] Corso di Laurea - L2,50,29,0.58,20.93
581,A5810093,[LM5] Laurea Magistrale Ciclo Unico 5 anni,51,30,0.59,28.6
E1301Q,E1301Q055,[L2] Corso di Laurea - L2,140,82,0.59,26.99
E1301Q,E1301Q067,[L2] Corso di Laurea - L2,100,59,0.59,26.39
E1401A,E1401A074,[L2] Corso di Laurea - L2,314,185,0.59,26.78
E1401A,E1401A087,[L2] Corso di Laurea - L2,97,57,0.59,28.05
E1803M,E1803M057,[L2] Corso di Laurea - L2,297,176,0.59,22.26
E2401P,E2401P013,[L2] Corso di Laurea - L2,488,288,0.59,27.11
E2701Q,E2701Q042,[L2] Corso di Laurea - L2,39,23,0.59,26.87
E3001Q,E3001Q067,[L2] Corso di Laurea - L2,68,40,0.59,25.8
F5401Q,F5401Q019,[LM] Corso di Laurea Magistrale,32,19,0.59,28.37
F7601M,F7601M054,[LM] Corso di Laurea Magistrale,34,20,0.59,26.1
581,A5810007,[LM5] Laurea Magistrale Ciclo Unico 5 anni,342,204,0.6,25.49
581,A5810082,[LM5] Laurea Magistrale Ciclo Unico 5 anni,86,52,0.6,27.48
E0201Q,E0201Q050,[L2] Corso di Laurea - L2,86,52,0.6,22.63
E0201Q,E0201Q075,[L2] Corso di Laurea - L2,43,26,0.6,27.81
E1401A,E1401A077,[L2] Corso di Laurea - L2,238,143,0.6,24.26
E1802M,E1802M034,[L2] Corso di Laurea - L2,292,174,0.6,24.74
E1802M,E1802M123,[L2] Corso di Laurea - L2,257,155,0.6,26.45
E1803M,E1803M081,[L2] Corso di Laurea - L2,239,144,0.6,24.08
E2001R,E2001R002,[L2] Corso di Laurea - L2,221,132,0.6,23.84
E2702Q,E2702Q001,[L2] Corso di Laurea - L2,108,65,0.6,24.74
E3001Q,E3001Q035,[L2] Corso di Laurea - L2,229,138,0.6,24.41
F5101P,F5101P139,[LM] Corso di Laurea Magistrale,194,116,0.6,27.9
F7701M,F7701M082,[LM] Corso di Laurea Magistrale,252,150,0.6,25.15
F9201P,F9201P100,[LM] Corso di Laurea Magistrale,63,38,0.6,27.34
G8501R,G8501R023,[LM5] Laurea Magistrale Ciclo Unico 5 anni,262,158,0.6,24.63
H4101D,H4101D018,[LM6] Laurea Magistrale Ciclo Unico 6 anni,189,113,0.6,28.44
H4601D,H4601D033,[LM6] Laurea Magistrale Ciclo Unico 6 anni,40,24,0.6,
I0101D,I0101D901,[L2] Corso di Laurea - L2,392,235,0.6,24.9
581,A5810003,[LM5] Laurea Magistrale Ciclo Unico 5 anni,493,299,0.61,25.51
E1601N,E1601N008,[L2] Corso di Laurea - L2,327,201,0.61,24.96
E1802M,E1802M130,[L2] Corso di Laurea - L2,109,66,0.61,25.59
E2001R,E2001R055,[L2] Corso di Laurea - L2,62,38,0.61,26.5
E2702Q,E2702Q085,[L2] Corso di Laurea - L2,80,49,0.61,26.98
F5102P,F5102P002,[LM] Corso di Laurea Magistrale,117,71,0.61,27.56
F8204B,F8204B003,[LM] Corso di Laurea Magistrale,56,34,0.61,27.53
E1401A,E1401A008,[L2] Corso di Laurea - L2,119,74,0.62,25.62
E1401A,E1401A084,[L2] Corso di Laurea - L2,177,110,0.62,27.14
E1901R,E1901R017,[L2] Corso di Laurea - L2,109,68,0.62,26.9
E2004P,E2004P026,[L2] Corso di Laurea - L2,130,81,0.62,27.6
E2004P,E2004P038,[L2] Corso di Laurea - L2,143,89,0.62,26.91
E3301M,E3301M218,[L2] Corso di Laurea - L2,191,119,0.62,
F4901N,F4901N001,[LM] Corso di Laurea Magistrale,45,28,0.62,26.36
F5401Q,F5401Q018,[LM] Corso di Laurea Magistrale,45,28,0.62,27.5
F7501Q,F7501Q046,[LM] Corso di Laurea Magistrale,37,23,0.62,28.74
F7701M,F7701M002,[LM] Corso di Laurea Magistrale,260,160,0.62,
F9201P,F9201P004,[LM] Corso di Laurea Magistrale,79,49,0.62,24.06
I0101D,I0101D007,[L2] Corso di Laurea - L2,403,250,0.62,25.26
I0102D,I0102D903,[L2] Corso di Laurea - L2,45,28,0.62,26.93
I0202D,I0202D005,[L2] Corso di Laurea - L2,42,26,0.62,25.04
I0202D,I0202D121,[L2] Corso di Laurea - L2,47,29,0.62,24.24
I0301D,I0301D031,[L2] Corso di Laurea - L2,37,23,0.62,27.39
581,A5810134,[LM5] Laurea Magistrale Ciclo Unico 5 anni,70,44,0.63,28.98
E0201Q,E0201Q055,[L2] Corso di Laurea - L2,38,24,0.63,23.96
E1301Q,E1301Q069,[L2] Corso di Laurea - L2,84,53,0.63,26.34
E1401A,E1401A017,[L2] Corso di Laurea - L2,135,85,0.63,24.92
E1401A,E1401A080,[L2] Corso di Laurea - L2,102,64,0.63,24.27
E1801M,E2004P029,[L2] Corso di Laurea - L2,41,26,0.63,25.19
E1802M,E1802M115,[L2] Corso di Laurea - L2,176,110,0.63,23.02
E1802M,E1802M129,[L2] Corso di Laurea - L2,312,198,0.63,23.71
E1901R,E1901R093,[L2] Corso di Laurea - L2,726,454,0.63,26.5
E2001R,E2001R037,[L2] Corso di Laurea - L2,244,154,0.63,23.14
E2001R,E2001R040,[L2] Corso di Laurea - L2,51,32,0.63,27.06
E2004P,E2004P007,[L2] Corso di Laurea - L2,142,90,0.63,25.9
E2401P,E2401P010,[L2] Corso di Laurea - L2,499,314,0.63,25.26
E2401P,E2401P101,[L2] Corso di Laurea - L2,536,340,0.63,26.99
E3101Q,E3101Q113,[L2] Corso di Laurea - L2,249,156,0.63,26.69
E3401Q,E3401Q046,[L2] Corso di Laurea - L2,84,53,0.63,26.04
E3501Q,E3501Q008,[L2] Corso di Laurea - L2,32,20,0.63,25.55
E3501Q,E3501Q012,[L2] Corso di Laurea - L2,38,24,0.63,27.75
E4101B,E4101B009,[L2] Corso di Laurea - L2,80,50,0.63,25.3
F0601Q,F0601Q047,[LM] Corso di Laurea Magistrale,40,25,0.63,27.36
F0601Q,F0601Q050,[LM] Corso di Laurea Magistrale,68,43,0.63,25.86
F0601Q,F0601Q070,[LM] Corso di Laurea Magistrale,32,20,0.63,29.45
F1801Q,F1801Q110,[LM] Corso di Laurea Magistrale,43,27,0.63,27.78
F5701R,F5701R002,[LM] Corso di Laurea Magistrale,174,110,0.63,26.69
F5701R,F5701R003,[LM] Corso di Laurea Magistrale,129,81,0.63,28.69
F7702M,F7702M023,[LM] Corso di Laurea Magistrale,118,74,0.63,
H4101D,H4101D002,[LM6] Laurea Magistrale Ciclo Unico 6 anni,207,130,0.63,27.35
I0201D,I0201D101,[L2] Corso di Laurea - L2,93,59,0.63,20.98
581,A5810043,[LM5] Laurea Magistrale Ciclo Unico 5 anni,150,96,0.64,27.07
581,A5810133,[LM5] Laurea Magistrale Ciclo Unico 5 anni,64,41,0.64,27.61
E3201Q,E3201Q107,[L2] Corso di Laurea - L2,124,79,0.64,24.03
F0101R,F0101R006,[LM] Corso di Laurea Magistrale,47,30,0.64,28.97
F7702M,F7702M043,[LM] Corso di Laurea Magistrale,165,105,0.64,25.83
F8203B,F8203B005,[LM] Corso di Laurea Magistrale,36,23,0.64,28.22
H4101D,H4101D004,[LM6] Laurea Magistrale Ciclo Unico 6 anni,179,115,0.64,27.97
H4101D,H4101D033,[LM6] Laurea Magistrale Ciclo Unico 6 anni,185,119,0.64,28.42
581,A5810039,[LM5] Laurea Magistrale Ciclo Unico 5 anni,163,106,0.65,27.66
581,A5810136,[LM5] Laurea Magistrale Ciclo Unico 5 anni,77,50,0.65,26.54
E1601N,E1601N006,[L2] Corso di Laurea - L2,362,234,0.65,24.92
E1803M,E1803M038,[L2] Corso di Laurea - L2,350,229,0.65,25.77
E1901R,E1901R019,[L2] Corso di Laurea - L2,215,139,0.65,24.5
E2401P,E2401P012,[L2] Corso di Laurea - L2,508,329,0.65,25.19
E3001Q,E3001Q012,[L2] Corso di Laurea - L2,247,161,0.65,27.09
E3002Q,E3002Q027,[L2] Corso di Laurea - L2,34,22,0.65,25.86
E3301M,E3301M138,[L2] Corso di Laurea - L2,80,52,0.65,24.75
E3301M,E3301M181,[L2] Corso di Laurea - L2,77,50,0.65,25.26
E4001N,E4001N068,[L2] Corso di Laurea - L2,173,112,0.65,26.69
E4101B,E4101B025,[L2] Corso di Laurea - L2,60,39,0.65,24.28
E4102B,E4102B054,[L2] Corso di Laurea - L2,95,62,0.65,25.37
F5602M,F5602M001,[LM] Corso di Laurea Magistrale,31,20,0.65,27.15
F7401Q,F7401Q001,[LM] Corso di Laurea Magistrale,43,28,0.65,24.5
F7701M,F7701M027,[LM] Corso di Laurea Magistrale,65,42,0.65,28.45
F8203B,F8203B003,[LM] Corso di Laurea Magistrale,43,28,0.65,24.82
G8501R,G8501R006,[LM5] Laurea Magistrale Ciclo Unico 5 anni,426,277,0.65,23.09
I0102D,I0102D007,[L2] Corso di Laurea - L2,46,30,0.65,25.27
I0102D,I0102D902,[L2] Corso di Laurea - L2,49,32,0.65,27.13
581,A5810132,[LM5] Laurea Magistrale Ciclo Unico 5 anni,205,135,0.66,28.29
E1401A,E1401A014,[L2] Corso di Laurea - L2,123,81,0.66,25.16
E1401A,E1401A076,[L2] Corso di Laurea - L2,243,161,0.66,24.91
E1501N,E1501N051,[L2] Corso di Laurea - L2,263,174,0.66,25.8
E1801M,E2004P038,[L2] Corso di Laurea - L2,38,25,0.66,23.88
E2401P,E2401P008,[L2] Corso di Laurea - L2,440,292,0.66,26.6
E2401P,E2401P035,[L2] Corso di Laurea - L2,101,67,0.66,26.45
E2701Q,E2701Q012,[L2] Corso di Laurea - L2,61,40,0.66,25.58
E3101Q,E3101Q127,[L2] Corso di Laurea - L2,269,178,0.66,26.11
E3301M,E3301M195,[L2] Corso di Laurea - L2,284,188,0.66,26.01
F0802Q,F0802Q041,[LM] Corso di Laurea Magistrale,82,54,0.66,27.17
F5102P,F5102P006,[LM] Corso di Laurea Magistrale,134,88,0.66,26.27
F6302N,F6302N001,[LM] Corso di Laurea Magistrale,121,80,0.66,26.38
F7701M,F7701M077,[LM] Corso di Laurea Magistrale,139,92,0.66,27.65
F8501R,F8501R056,[LM] Corso di Laurea Magistrale,208,138,0.66,26.75
G8501R,G8501R017,[LM5] Laurea Magistrale Ciclo Unico 5 anni,374,247,0.66,25.6
G8501R,G8501R026,[LM5] Laurea Magistrale Ciclo Unico 5 anni,659,436,0.66,
H4101D,H4101D014,[LM6] Laurea Magistrale Ciclo Unico 6 anni,176,117,0.66,28.49
H4101D,H4101D022,[LM6] Laurea Magistrale Ciclo Unico 6 anni,179,119,0.66,27.15
H4101D,H4101D038,[LM6] Laurea Magistrale Ciclo Unico 6 anni,202,133,0.66,27.28
I0301D,I0301D007,[L2] Corso di Laurea - L2,35,23,0.66,23.74
I0302D,I0302D015,[L2] Corso di Laurea - L2,35,23,0.66,26.96
581,A5810126,[LM5] Laurea Magistrale Ciclo Unico 5 anni,43,29,0.67,26
E0201Q,E0201Q065,[L2] Corso di Laurea - L2,126,84,0.67,27.1
E1501N,E1501N014,[L2] Corso di Laurea - L2,147,98,0.67,23.76
E1501N,E1501N080,[L2] Corso di Laurea - L2,48,32,0.67,24.47
E1801M,E1801M050,[L2] Corso di Laurea - L2,107,72,0.67,24.44
E1901R,E1901R005,[L2] Corso di Laurea - L2,680,458,0.67,26.35
E2004P,E2004P039,[L2] Corso di Laurea - L2,66,44,0.67,26.27
E2702Q,E2702Q004,[L2] Corso di Laurea - L2,76,51,0.67,26.37
E2702Q,E2702Q101,[L2] Corso di Laurea - L2,73,49,0.67,27.57
E3101Q,E3101Q118,[L2] Corso di Laurea - L2,42,28,0.67,25.39
E3301M,E3301M193,[L2] Corso di Laurea - L2,211,142,0.67,26.24
E3401Q,E3401Q042,[L2] Corso di Laurea - L2,52,35,0.67,23.31
E4101B,E4101B017,[L2] Corso di Laurea - L2,179,120,0.67,24.49
F1801Q,F1801Q123,[LM] Corso di Laurea Magistrale,58,39,0.67,28
F5102P,F5102P012,[LM] Corso di Laurea Magistrale,98,66,0.67,28.74
F5103P,F5103P005,[LM] Corso di Laurea Magistrale,102,68,0.67,28.28
F5104P,F5104P001,[LM] Corso di Laurea Magistrale,249,168,0.67,27.74
F9201P,F9201P011,[LM] Corso di Laurea Magistrale,64,43,0.67,
F9201P,F9201P028,[LM] Corso di Laurea Magistrale,45,30,0.67,30
H4101D,H4101D252,[LM6] Laurea Magistrale Ciclo Unico 6 anni,192,129,0.67,26.21
581,A5810049,[LM5] Laurea Magistrale Ciclo Unico 5 anni,38,26,0.68,28.35
581,A5810062,[LM5] Laurea Magistrale Ciclo Unico 5 anni,96,65,0.68,28.58
E0201Q,E0201Q073,[L2] Corso di Laurea - L2,37,25,0.68,26.12
E1301Q,E1301Q060,[L2] Corso di Laurea - L2,44,30,0.68,27.2
E1601N,E1601N043,[L2] Corso di Laurea - L2,116,79,0.68,23.63
E1802M,E1802M031,[L2] Corso di Laurea - L2,422,286,0.68,23.95
E1803M,E1803M046,[L2] Corso di Laurea - L2,339,229,0.68,24.75
E2001R,E2001R039,[L2] Corso di Laurea - L2,56,38,0.68,26.39
E2001R,E2001R051,[L2] Corso di Laurea - L2,77,52,0.68,24.12
E2401P,E2004P013,[L2] Corso di Laurea - L2,87,59,0.68,26.83
E3101Q,E3101Q117,[L2] Corso di Laurea - L2,31,21,0.68,29.67
E3401Q,E3401Q053,[L2] Corso di Laurea - L2,31,21,0.68,25.43
E4102B,E4102B064,[L2] Corso di Laurea - L2,57,39,0.68,25.51
F0101R,F0101R012,[LM] Corso di Laurea Magistrale,72,49,0.68,29.18
F1601M,F1601M058,[LM] Corso di Laurea Magistrale,81,55,0.68,27.91
F5101P,F5101P137,[LM] Corso di Laurea Magistrale,185,126,0.68,27.6
F8501R,F8501R009,[LM] Corso di Laurea Magistrale,196,133,0.68,27.95
F8501R,F8501R010,[LM] Corso di Laurea Magistrale,65,44,0.68,27.89
G8501R,G8501R024,[LM5] Laurea Magistrale Ciclo Unico 5 anni,224,153,0.68,27.42
G8501R,G8501R041,[LM5] Laurea Magistrale Ciclo Unico 5 anni,404,275,0.68,26.69
I0302D,I0302D019,[L2] Corso di Laurea - L2,34,23,0.68,26.65
E1501N,E1501N007,[L2] Corso di Laurea - L2,204,141,0.69,24.3
E1501N,E1501N053,[L2] Corso di Laurea - L2,161,111,0.69,25.03
E1801M,E1801M004,[L2] Corso di Laurea - L2,400,275,0.69,24.73
E1801M,E1801M051,[L2] Corso di Laurea - L2,276,190,0.69,24.41
E1802M,E1802M006,[L2] Corso di Laurea - L2,248,170,0.69,26.32
E1802M,E1802M116,[L2] Corso di Laurea - L2,303,210,0.69,25.31
E2401P,E2401P004,[L2] Corso di Laurea - L2,558,387,0.69,25.52
E3001Q,E3001Q033,[L2] Corso di Laurea - L2,119,82,0.69,25.83
E3001Q,E3001Q037,[L2] Corso di Laurea - L2,257,177,0.69,26.69
E3001Q,E3001Q068,[L2] Corso di Laurea - L2,52,36,0.69,27.81
E3401Q,E1301Q062,[L2] Corso di Laurea - L2,39,27,0.69,23.85
E4001N,E4001N055,[L2] Corso di Laurea - L2,125,86,0.69,25.9
E4001N,E4001N069,[L2] Corso di Laurea - L2,54,37,0.69,27.43
E4102B,E4102B080,[L2] Corso di Laurea - L2,48,33,0.69,25.55
F0802Q,F0802Q054,[LM] Corso di Laurea Magistrale,71,49,0.69,29.43
F0901D,F0901D025,[LM] Corso di Laurea Magistrale,39,27,0.69,28.67
F1601M,F1601M084,[LM] Corso di Laurea Magistrale,75,52,0.69,26.5
F5102P,F5102P022,[LM] Corso di Laurea Magistrale,42,29,0.69,29.03
F5104P,F5104P002,[LM] Corso di Laurea Magistrale,287,197,0.69,25.89
F5602M,F5602M008,[LM] Corso di Laurea Magistrale,36,25,0.69,29.08
F7401Q,F7401Q005,[LM] Corso di Laurea Magistrale,35,24,0.69,27.29
G8501R,G8501R001,[LM5] Laurea Magistrale Ciclo Unico 5 anni,321,222,0.69,26.45
I0101D,I0101D018,[L2] Corso di Laurea - L2,296,203,0.69,25.75
I0101D,I0101D025,[L2] Corso di Laurea - L2,316,218,0.69,23.36
I0302D,I0302D007,[L2] Corso di Laurea - L2,35,24,0.69,24.08
581,A5810010,[LM5] Laurea Magistrale Ciclo Unico 5 anni,291,203,0.7,27.33
581,A5810128,[LM5] Laurea Magistrale Ciclo Unico 5 anni,284,200,0.7,26.81
E1301Q,E1301Q064,[L2] Corso di Laurea - L2,90,63,0.7,26.25
E1401A,E1401A009,[L2] Corso di Laurea - L2,96,67,0.7,23.97
E1501N,E1501N076,[L2] Corso di Laurea - L2,137,96,0.7,22.61
E1801M,E1801M018,[L2] Corso di Laurea - L2,285,199,0.7,
E1801M,E1801M046,[L2] Corso di Laurea - L2,205,144,0.7,24.84
E1803M,E1803M017,[L2] Corso di Laurea - L2,176,123,0.7,
E1901R,E1901R009,[L2] Corso di Laurea - L2,244,172,0.7,26.8
E1901R,E1901R010,[L2] Corso di Laurea - L2,423,295,0.7,25.21
E1901R,E1901R021,[L2] Corso di Laurea - L2,194,135,0.7,26.47
E1901R,E1901R107,[L2] Corso di Laurea - L2,527,369,0.7,26.07
E2401P,E2401P002,[L2] Corso di Laurea - L2,532,375,0.7,26.31
E2701Q,E2701Q041,[L2] Corso di Laurea - L2,50,35,0.7,26.77
E3401Q,E3401Q040,[L2] Corso di Laurea - L2,106,74,0.7,23.51
F4901N,F4901N071,[LM] Corso di Laurea Magistrale,46,32,0.7,26.47
F5103P,F5103P003,[LM] Corso di Laurea Magistrale,109,76,0.7,26.61
F7601M,F7601M007,[LM] Corso di Laurea Magistrale,53,37,0.7,26.22
F7601M,F7601M076,[LM] Corso di Laurea Magistrale,50,35,0.7,
H4101D,H4101D006,[LM6] Laurea Magistrale Ciclo Unico 6 anni,192,134,0.7,27.54
I0101D,I0101D017,[L2] Corso di Laurea - L2,270,189,0.7,24.71
I0202D,I0202D118,[L2] Corso di Laurea - L2,33,23,0.7,24.52
K0101D,K0101D002,[LM] Corso di Laurea Magistrale,40,28,0.7,24.61
E0201Q,E0201Q051,[L2] Corso di Laurea - L2,104,74,0.71,26.8
E0201Q,E0201Q060,[L2] Corso di Laurea - L2,153,108,0.71,26.24
E0201Q,E0201Q064,[L2] Corso di Laurea - L2,34,24,0.71,26.42
E1301Q,E1301Q057,[L2] Corso di Laurea - L2,104,74,0.71,25.23
E1901R,E1901R014,[L2] Corso di Laurea - L2,568,405,0.71,26.11
E2001R,E2001R058,[L2] Corso di Laurea - L2,31,22,0.71,27.14
E2004P,E2004P028,[L2] Corso di Laurea - L2,34,24,0.71,27.88
E2702Q,E2702Q003,[L2] Corso di Laurea - L2,79,56,0.71,26.57
E3901N,E3901N030,[L2] Corso di Laurea - L2,112,80,0.71,27.94
E4001N,E4001N044,[L2] Corso di Laurea - L2,341,242,0.71,25.24
E4001N,E4001N051,[L2] Corso di Laurea - L2,197,140,0.71,25.04
E4101B,E4101B037,[L2] Corso di Laurea - L2,62,44,0.71,26.23
F0101R,F0101R001,[LM] Corso di Laurea Magistrale,52,37,0.71,28.19
F4901N,F4901N004,[LM] Corso di Laurea Magistrale,49,35,0.71,27.89
F5401Q,F5401Q017,[LM] Corso di Laurea Magistrale,38,27,0.71,28.3
F5602M,F5602M003,[LM] Corso di Laurea Magistrale,38,27,0.71,24.7
F7601M,F7601M011,[LM] Corso di Laurea Magistrale,68,48,0.71,26.33
F7702M,F7702M048,[LM] Corso di Laurea Magistrale,96,68,0.71,27.03
F8204B,F8204B004,[LM] Corso di Laurea Magistrale,69,49,0.71,25.82
F8204B,F8204B008,[LM] Corso di Laurea Magistrale,34,24,0.71,27.67
F8204B,F8204B011,[LM] Corso di Laurea Magistrale,66,47,0.71,27.83
F8501R,F8501R008,[LM] Corso di Laurea Magistrale,175,125,0.71,26.57
F8501R,F8501R024,[LM] Corso di Laurea Magistrale,31,22,0.71,28.36
F9201P,F9201P202,[LM] Corso di Laurea Magistrale,35,25,0.71,27.48
H4101D,H4101D254,[LM6] Laurea Magistrale Ciclo Unico 6 anni,185,132,0.71,27.39
H4601D,H4601D015,[LM6] Laurea Magistrale Ciclo Unico 6 anni,34,24,0.71,28.33
581,A5810058,[LM5] Laurea Magistrale Ciclo Unico 5 anni,47,34,0.72,28.56
581,A5810106,[LM5] Laurea Magistrale Ciclo Unico 5 anni,69,50,0.72,27.82
E0201Q,E0201Q005,[L2] Corso di Laurea - L2,185,133,0.72,26.77
E0201Q,E0201Q008,[L2] Corso di Laurea - L2,107,77,0.72,26.96
E1301Q,E1301Q063,[L2] Corso di Laurea - L2,148,107,0.72,27.92
E1803M,E1801M042,[L2] Corso di Laurea - L2,36,26,0.72,26.69
E2001R,E2001R007,[L2] Corso di Laurea - L2,251,181,0.72,26.71
E2001R,E2001R008,[L2] Corso di Laurea - L2,251,181,0.72,26.55
E2004P,E2004P025,[L2] Corso di Laurea - L2,118,85,0.72,29.19
E3001Q,E3001Q048,[L2] Corso di Laurea - L2,95,68,0.72,26.68
E3101Q,E3101Q130,[L2] Corso di Laurea - L2,146,105,0.72,25.79
E3301M,E3301M150,[L2] Corso di Laurea - L2,46,33,0.72,26.58
E3301M,E3301M180,[L2] Corso di Laurea - L2,253,181,0.72,24.63
F7501Q,F7501Q076,[LM] Corso di Laurea Magistrale,36,26,0.72,27.42
F9201P,F9201P008,[LM] Corso di Laurea Magistrale,60,43,0.72,25.74
581,A5810036,[LM5] Laurea Magistrale Ciclo Unico 5 anni,159,116,0.73,28.44
581,A5810055,[LM5] Laurea Magistrale Ciclo Unico 5 anni,81,59,0.73,28.25
E1601N,E1601N056,[L2] Corso di Laurea - L2,67,49,0.73,23.06
E2004P,E2004P006,[L2] Corso di Laurea - L2,127,93,0.73,25.91
E2401P,E2401P028,[L2] Corso di Laurea - L2,59,43,0.73,27.98
E2702Q,E2702Q099,[L2] Corso di Laurea - L2,63,46,0.73,26.76
E3301M,E3301M021,[L2] Corso di Laurea - L2,177,129,0.73,
E3401Q,E3401Q043,[L2] Corso di Laurea - L2,85,62,0.73,26.61
E3401Q,E3401Q047,[L2] Corso di Laurea - L2,60,44,0.73,26.5
E3501Q,E3501Q053,[L2] Corso di Laurea - L2,37,27,0.73,28.33
E3901N,E3901N031,[L2] Corso di Laurea - L2,60,44,0.73,24.93
F0901D,F0901D040,[LM] Corso di Laurea Magistrale,44,32,0.73,26.56
F7701M,F7701M052,[LM] Corso di Laurea Magistrale,138,101,0.73,26.5
F7702M,F7702M047,[LM] Corso di Laurea Magistrale,55,40,0.73,27.33
F9201P,F9201P025,[LM] Corso di Laurea Magistrale,60,44,0.73,27.48
G8501R,G8501R002,[LM5] Laurea Magistrale Ciclo Unico 5 anni,430,314,0.73,25.48
G8501R,G8501R040,[LM5] Laurea Magistrale Ciclo Unico 5 anni,281,206,0.73,27.58
I0102D,I0102D005,[L2] Corso di Laurea - L2,37,27,0.73,26.15
I0102D,I0102D012,[L2] Corso di Laurea - L2,33,24,0.73,28.5
581,A5810080,[LM5] Laurea Magistrale Ciclo Unico 5 anni,38,28,0.74,29.07
E0201Q,E0201Q054,[L2] Corso di Laurea - L2,89,66,0.74,27.35
E1301Q,E1301Q015,[L2] Corso di Laurea - L2,74,55,0.74,27.75
E1301Q,E1301Q062,[L2] Corso di Laurea - L2,141,104,0.74,27.14
E1401A,E1401A010,[L2] Corso di Laurea - L2,99,73,0.74,25.11
E1501N,E1501N005,[L2] Corso di Laurea - L2,244,180,0.74,24.11
E1801M,E1801M031,[L2] Corso di Laurea - L2,392,290,0.74,26.07
E1802M,E1802M131,[L2] Corso di Laurea - L2,127,94,0.74,25.28
E1901R,E1901R080,[L2] Corso di Laurea - L2,260,192,0.74,27.46
E1901R,E1901R109,[L2] Corso di Laurea - L2,292,215,0.74,28.48
E2001R,E2001R006,[L2] Corso di Laurea - L2,143,106,0.74,26.64
E2001R,E2001R027,[L2] Corso di Laurea - L2,65,48,0.74,26.96
E2004P,E2004P002,[L2] Corso di Laurea - L2,136,101,0.74,26.09
E2702Q,E2702Q097,[L2] Corso di Laurea - L2,68,50,0.74,27.46
E3101Q,E3101Q102,[L2] Corso di Laurea - L2,340,250,0.74,23.58
E3201Q,E3201Q008,[L2] Corso di Laurea - L2,80,59,0.74,
E3301M,E3301M143,[L2] Corso di Laurea - L2,35,26,0.74,25.15
E4102B,E4102B069,[L2] Corso di Laurea - L2,58,43,0.74,25.98
F0601Q,F0601Q052,[LM] Corso di Laurea Magistrale,35,26,0.74,27.81
F5602M,F5602M012,[LM] Corso di Laurea Magistrale,35,26,0.74,27.65
F7601M,F7601M057,[LM] Corso di Laurea Magistrale,46,34,0.74,27.47
F7601M,F7601M060,[LM] Corso di Laurea Magistrale,61,45,0.74,27.22
F7701M,F7701M105,[LM] Corso di Laurea Magistrale,140,104,0.74,29.43
F8701N,F8701N008,[LM] Corso di Laurea Magistrale,46,34,0.74,25.74
F9201P,F9201P203,[LM] Corso di Laurea Magistrale,43,32,0.74,27.75
G8501R,G8501R039,[LM5] Laurea Magistrale Ciclo Unico 5 anni,359,267,0.74,27.51
H4101D,H4101D020,[LM6] Laurea Magistrale Ciclo Unico 6 anni,154,114,0.74,28.18
I0101D,I0101D014,[L2] Corso di Laurea - L2,283,209,0.74,25.15
I0102D,I0102D016,[L2] Corso di Laurea - L2,43,32,0.74,25.97
581,A5810060,[LM5] Laurea Magistrale Ciclo Unico 5 anni,52,39,0.75,28.36
E0201Q,E0201Q046,[L2] Corso di Laurea - L2,164,123,0.75,26.49
E0201Q,E0201Q067,[L2] Corso di Laurea - L2,59,44,0.75,25.52
E1501N,E1501N071,[L2] Corso di Laurea - L2,199,149,0.75,23.94
E1801M,E1801M005,[L2] Corso di Laurea - L2,302,226,0.75,26.31
E1802M,E1802M005,[L2] Corso di Laurea - L2,354,267,0.75,24.41
E1802M,E1802M030,[L2] Corso di Laurea - L2,213,159,0.75,27.26
E1803M,E1803M100,[L2] Corso di Laurea - L2,214,160,0.75,25.13
E2001R,E2001R029,[L2] Corso di Laurea - L2,196,147,0.75,26.99
E2001R,E2001R052,[L2] Corso di Laurea - L2,55,41,0.75,24.12
E2004P,E2004P010,[L2] Corso di Laurea - L2,114,86,0.75,26.13
E3501Q,E3501Q001,[L2] Corso di Laurea - L2,48,36,0.75,26.36
F5104P,F5104P004,[LM] Corso di Laurea Magistrale,242,181,0.75,27.23
F7701M,F7701M054,[LM] Corso di Laurea Magistrale,122,92,0.75,28.16
F7701M,F7701M101,[LM] Corso di Laurea Magistrale,141,106,0.75,28.98
F7702M,F7702M042,[LM] Corso di Laurea Magistrale,92,69,0.75,25.59
F8501R,F8501R011,[LM] Corso di Laurea Magistrale,129,97,0.75,27.85
F8701N,F8701N006,[LM] Corso di Laurea Magistrale,44,33,0.75,27.45
G8501R,G8501R021,[LM5] Laurea Magistrale Ciclo Unico 5 anni,348,262,0.75,28.5
H4101D,H4101D029,[LM6] Laurea Magistrale Ciclo Unico 6 anni,130,98,0.75,28.35
I0102D,I0102D010,[L2] Corso di Laurea - L2,36,27,0.75,26.78
K0101D,K0101D001,[LM] Corso di Laurea Magistrale,36,27,0.75,28.89
581,A5810032,[LM5] Laurea Magistrale Ciclo Unico 5 anni,193,147,0.76,28.15
E1501N,E1501N079,[L2] Corso di Laurea - L2,187,142,0.76,25.89
E1802M,E1802M026,[L2] Corso di Laurea - L2,214,163,0.76,
E1901R,E1901R087,[L2] Corso di Laurea - L2,145,110,0.76,27.4
E1901R,E1901R110,[L2] Corso di Laurea - L2,100,76,0.76,29.07
E2001R,E2001R053,[L2] Corso di Laurea - L2,59,45,0.76,25.16
E2401P,E2401P026,[L2] Corso di Laurea - L2,205,155,0.76,28.82
E3201Q,E3201Q016,[L2] Corso di Laurea - L2,87,66,0.76,
E3301M,E3301M196,[L2] Corso di Laurea - L2,214,163,0.76,25.45
E3401Q,E3401Q006,[L2] Corso di Laurea - L2,80,61,0.76,24.23
E4101B,E4101B019,[L2] Corso di Laurea - L2,33,25,0.76,24.88
E4102B,E4102B066,[L2] Corso di Laurea - L2,95,72,0.76,26.69
F0601Q,F0601Q056,[LM] Corso di Laurea Magistrale,46,35,0.76,28.74
F1601M,F1601M053,[LM] Corso di Laurea Magistrale,41,31,0.76,24.52
F5102P,F5102P001,[LM] Corso di Laurea Magistrale,135,102,0.76,28.08
F5104P,F5104P011,[LM] Corso di Laurea Magistrale,41,31,0.76,27.45
F5104P,F5104P012,[LM] Corso di Laurea Magistrale,38,29,0.76,28.17
F5401Q,F5401Q034,[LM] Corso di Laurea Magistrale,75,57,0.76,28.86
F5701R,F5701R006,[LM] Corso di Laurea Magistrale,156,119,0.76,26.06
F5701R,F5701R023,[LM] Corso di Laurea Magistrale,131,100,0.76,27.98
F6302N,F6302N022,[LM] Corso di Laurea Magistrale,76,58,0.76,24.36
F8204B,F8204B001,[LM] Corso di Laurea Magistrale,51,39,0.76,26.33
F8501R,F8501R005,[LM] Corso di Laurea Magistrale,218,166,0.76,27.7
H4101D,H4101D019,[LM6] Laurea Magistrale Ciclo Unico 6 anni,169,129,0.76,28.32
H4101D,H4101D034,[LM6] Laurea Magistrale Ciclo Unico 6 anni,152,116,0.76,28.84
H4101D,H4101D256,[LM6] Laurea Magistrale Ciclo Unico 6 anni,161,122,0.76,26.83
I0201D,I0201D110,[L2] Corso di Laurea - L2,71,54,0.76,25.22
K0101D,K0101D015,[LM] Corso di Laurea Magistrale,34,26,0.76,
581,A5810125,[LM5] Laurea Magistrale Ciclo Unico 5 anni,276,212,0.77,27.96
E0201Q,E0201Q052,[L2] Corso di Laurea - L2,116,89,0.77,28.16
E1401A,E1401A025,[L2] Corso di Laurea - L2,31,24,0.77,26.83
E1801M,E1801M041,[L2] Corso di Laurea - L2,262,202,0.77,24.09
E1802M,E1802M118,[L2] Corso di Laurea - L2,162,125,0.77,26.11
E1803M,E1803M033,[L2] Corso di Laurea - L2,153,118,0.77,23.33
E1901R,E1901R034,[L2] Corso di Laurea - L2,164,126,0.77,27.78
E2001R,E2001R001,[L2] Corso di Laurea - L2,176,136,0.77,25.75
E3201Q,E3201Q079,[L2] Corso di Laurea - L2,52,40,0.77,26.18
F1801Q,F1801Q129,[LM] Corso di Laurea Magistrale,60,46,0.77,27.93
F5101P,F5101P121,[LM] Corso di Laurea Magistrale,78,60,0.77,27.85
F5102P,F5102P019,[LM] Corso di Laurea Magistrale,75,58,0.77,29.21
F5103P,F5103P066,[LM] Corso di Laurea Magistrale,84,65,0.77,24.91
F5104P,F5104P013,[LM] Corso di Laurea Magistrale,48,37,0.77,27.19
F7601M,F7601M005,[LM] Corso di Laurea Magistrale,64,49,0.77,29.45
F8501R,F8501R002,[LM] Corso di Laurea Magistrale,64,49,0.77,29.35
581,A5810131,[LM5] Laurea Magistrale Ciclo Unico 5 anni,32,25,0.78,28.48
E1601N,E1601N010,[L2] Corso di Laurea - L2,112,87,0.78,23.8
E1801M,E2001R005,[L2] Corso di Laurea - L2,64,50,0.78,27.58
E1901R,E1901R013,[L2] Corso di Laurea - L2,536,417,0.78,24.69
E1901R,E1901R104,[L2] Corso di Laurea - L2,426,334,0.78,27.2
E1901R,E1901R111,[L2] Corso di Laurea - L2,98,76,0.78,26.05
E2001R,E2001R005,[L2] Corso di Laurea - L2,184,143,0.78,27.17
E2001R,E2001R014,[L2] Corso di Laurea - L2,196,152,0.78,25.54
E2001R,E2001R024,[L2] Corso di Laurea - L2,183,143,0.78,27.9
E2401P,E2401P029,[L2] Corso di Laurea - L2,140,109,0.78,26.92
E2702Q,E2702Q075,[L2] Corso di Laurea - L2,76,59,0.78,26.46
E3002Q,E3002Q010,[L2] Corso di Laurea - L2,40,31,0.78,25.35
E3301M,E3301M142,[L2] Corso di Laurea - L2,67,52,0.78,25.88
E3901N,E3901N004,[L2] Corso di Laurea - L2,107,83,0.78,26.3
E4101B,E4101B007,[L2] Corso di Laurea - L2,99,77,0.78,24.49
E4102B,E4102B063,[L2] Corso di Laurea - L2,55,43,0.78,25.84
E4102B,E4102B079,[L2] Corso di Laurea - L2,32,25,0.78,27.64
F0901D,F0901D045,[LM] Corso di Laurea Magistrale,32,25,0.78,28.6
F4901N,F4901N070,[LM] Corso di Laurea Magistrale,59,46,0.78,27.61
F5102P,F5102P020,[LM] Corso di Laurea Magistrale,32,25,0.78,28.32
F5103P,F5103P062,[LM] Corso di Laurea Magistrale,63,49,0.78,28.35
F5602M,F5602M007,[LM] Corso di Laurea Magistrale,36,28,0.78,27.89
F5701R,F5701R011,[LM] Corso di Laurea Magistrale,141,110,0.78,28.7
F7501Q,F7501Q087,[LM] Corso di Laurea Magistrale,41,32,0.78,28.19
I0202D,I0202D103,[L2] Corso di Laurea - L2,36,28,0.78,25.82
581,A5810029,[LM5] Laurea Magistrale Ciclo Unico 5 anni,174,138,0.79,27.49
E0201Q,E0201Q004,[L2] Corso di Laurea - L2,205,162,0.79,25.43
E1803M,E1803M004,[L2] Corso di Laurea - L2,292,232,0.79,24.81
E2401P,E2401P076,[L2] Corso di Laurea - L2,52,41,0.79,29.24
E3201Q,E3201Q066,[L2] Corso di Laurea - L2,68,54,0.79,25.15
E3201Q,E3201Q072,[L2] Corso di Laurea - L2,53,42,0.79,26.55
F1601M,F1601M070,[LM] Corso di Laurea Magistrale,82,65,0.79,
F6302N,F6302N006,[LM] Corso di Laurea Magistrale,84,66,0.79,26.85
F6302N,F6302N014,[LM] Corso di Laurea Magistrale,38,30,0.79,26.07
F7501Q,F7501Q077,[LM] Corso di Laurea Magistrale,34,27,0.79,29.11
F7702M,F7702M055,[LM] Corso di Laurea Magistrale,159,126,0.79,27.66
F8701N,F8701N035,[LM] Corso di Laurea Magistrale,38,30,0.79,29.8
G8501R,G8501R010,[LM5] Laurea Magistrale Ciclo Unico 5 anni,316,251,0.79,27.57
G8501R,G8501R014,[LM5] Laurea Magistrale Ciclo Unico 5 anni,398,315,0.79,27.27
581,A5810050,[LM5] Laurea Magistrale Ciclo Unico 5 anni,35,28,0.8,28.82
E0201Q,E0201Q012,[L2] Corso di Laurea - L2,127,101,0.8,28.03
E2001R,E2001R010,[L2] Corso di Laurea - L2,196,157,0.8,26.15
E2001R,E2001R031,[L2] Corso di Laurea - L2,74,59,0.8,28.46
E2004P,E2004P029,[L2] Corso di Laurea - L2,46,37,0.8,27.89
E2401P,E2401P022,[L2] Corso di Laurea - L2,151,121,0.8,27.83
E3001Q,E3001Q044,[L2] Corso di Laurea - L2,147,117,0.8,27.32
E3101Q,E3101Q108,[L2] Corso di Laurea - L2,234,187,0.8,25.69
E3301M,E3301M152,[L2] Corso di Laurea - L2,56,45,0.8,26.22
E3301M,E3301M194,[L2] Corso di Laurea - L2,49,39,0.8,25.82
E3501Q,E3501Q057,[L2] Corso di Laurea - L2,35,28,0.8,24.32
E3901N,E3901N006,[L2] Corso di Laurea - L2,104,83,0.8,24.27
E4001N,E4001N014,[L2] Corso di Laurea - L2,331,266,0.8,22.38
F0802Q,F0802Q038,[LM] Corso di Laurea Magistrale,71,57,0.8,29.12
F5103P,F5103P012,[LM] Corso di Laurea Magistrale,45,36,0.8,27.81
F5104P,F5104P006,[LM] Corso di Laurea Magistrale,113,90,0.8,29.11
F7701M,F7701M070,[LM] Corso di Laurea Magistrale,174,140,0.8,
F7702M,F7702M046,[LM] Corso di Laurea Magistrale,139,111,0.8,28.52
F8204B,F8204B020,[LM] Corso di Laurea Magistrale,35,28,0.8,25.89
F8501R,F8501R021,[LM] Corso di Laurea Magistrale,87,70,0.8,27.46
G8501R,G8501R013,[LM5] Laurea Magistrale Ciclo Unico 5 anni,336,268,0.8,28.85
H4101D,H4101D025,[LM6] Laurea Magistrale Ciclo Unico 6 anni,131,105,0.8,28.85
H4101D,H4101D027,[LM6] Laurea Magistrale Ciclo Unico 6 anni,90,72,0.8,28.61
H4101D,H4101D035,[LM6] Laurea Magistrale Ciclo Unico 6 anni,147,117,0.8,28.55
I0101D,I0101D005,[L2] Corso di Laurea - L2,282,227,0.8,23.75
581,A5810030,[LM5] Laurea Magistrale Ciclo Unico 5 anni,141,114,0.81,27.81
581,A5810138,[LM5] Laurea Magistrale Ciclo Unico 5 anni,114,92,0.81,29.28
E0201Q,E0201Q049,[L2] Corso di Laurea - L2,118,95,0.81,26.28
E1301Q,E1301Q066,[L2] Corso di Laurea - L2,54,44,0.81,26.75
E1301Q,E1301Q071,[L2] Corso di Laurea - L2,167,135,0.81,23.93
E1401A,E1401A086,[L2] Corso di Laurea - L2,129,104,0.81,27.02
E1801M,E1801M047,[L2] Corso di Laurea - L2,368,298,0.81,26.96
E1803M,E1803M052,[L2] Corso di Laurea - L2,165,134,0.81,27.35
E1901R,E1901R002,[L2] Corso di Laurea - L2,635,515,0.81,28.12
E1901R,E1901R016,[L2] Corso di Laurea - L2,368,298,0.81,27.01
E2001R,E2001R009,[L2] Corso di Laurea - L2,227,185,0.81,26.02
E2401P,E2401P100,[L2] Corso di Laurea - L2,438,355,0.81,25.42
E3101Q,E3101Q107,[L2] Corso di Laurea - L2,300,242,0.81,26.57
E3101Q,E3101Q112,[L2] Corso di Laurea - L2,251,204,0.81,25.9
E3301M,E3301M135,[L2] Corso di Laurea - L2,197,160,0.81,25.97
E3901N,E3901N012,[L2] Corso di Laurea - L2,54,44,0.81,26.16
E4001N,E4001N056,[L2] Corso di Laurea - L2,105,85,0.81,27.95
F0101R,F0101R004,[LM] Corso di Laurea Magistrale,32,26,0.81,29.35
F5103P,F5103P010,[LM] Corso di Laurea Magistrale,69,56,0.81,27.5
F5701R,F5701R005,[LM] Corso di Laurea Magistrale,126,102,0.81,25.56
F7501Q,F7501Q020,[LM] Corso di Laurea Magistrale,64,52,0.81,28.06
F7502Q,F7502Q006,[LM] Corso di Laurea Magistrale,31,25,0.81,29
F7701M,F7701M093,[LM] Corso di Laurea Magistrale,48,39,0.81,25.56
F7702M,F7702M058,[LM] Corso di Laurea Magistrale,139,112,0.81,26.97
G8501R,G8501R003,[LM5] Laurea Magistrale Ciclo Unico 5 anni,326,264,0.81,28.33
G8501R,G8501R019,[LM5] Laurea Magistrale Ciclo Unico 5 anni,319,258,0.81,28.79
H4101D,H4101D037,[LM6] Laurea Magistrale Ciclo Unico 6 anni,126,102,0.81,29.13
H4601D,H4601D014,[LM6] Laurea Magistrale Ciclo Unico 6 anni,31,25,0.81,28.36
I0201D,I0201D115,[L2] Corso di Laurea - L2,63,51,0.81,23.47
I0201D,I0201D122,[L2] Corso di Laurea - L2,67,54,0.81,25.09
K0101D,K0101D006,[LM] Corso di Laurea Magistrale,32,26,0.81,28.42
581,A5810063,[LM5] Laurea Magistrale Ciclo Unico 5 anni,61,50,0.82,28.78
E1601N,E1601N004,[L2] Corso di Laurea - L2,166,136,0.82,22.35
E1802M,E1802M120,[L2] Corso di Laurea - L2,225,184,0.82,26.09
E1803M,E1803M054,[L2] Corso di Laurea - L2,132,108,0.82,24.67
E2401P,E2401P015,[L2] Corso di Laurea - L2,205,168,0.82,26.85
E2401P,E2401P117,[L2] Corso di Laurea - L2,105,86,0.82,27.21
E2401P,E2401P120,[L2] Corso di Laurea - L2,88,72,0.82,27.01
E2701Q,E2701Q038,[L2] Corso di Laurea - L2,38,31,0.82,27.87
E3001Q,E3001Q010,[L2] Corso di Laurea - L2,118,97,0.82,25.74
E3002Q,E3002Q001,[L2] Corso di Laurea - L2,45,37,0.82,21.11
E3401Q,E3401Q050,[L2] Corso di Laurea - L2,71,58,0.82,
E3501Q,E3501Q024,[L2] Corso di Laurea - L2,72,59,0.82,26.22
E3901N,E3901N013,[L2] Corso di Laurea - L2,101,83,0.82,25.4
E4101B,E4101B018,[L2] Corso di Laurea - L2,117,96,0.82,27.06
F5103P,F5103P002,[LM] Corso di Laurea Magistrale,105,86,0.82,24.53
F7401Q,F7401Q056,[LM] Corso di Laurea Magistrale,39,32,0.82,28.63
F8501R,F8501R055,[LM] Corso di Laurea Magistrale,110,90,0.82,28.54
H4101D,H4101D003,[LM6] Laurea Magistrale Ciclo Unico 6 anni,143,117,0.82,
H4101D,H4101D031,[LM6] Laurea Magistrale Ciclo Unico 6 anni,130,106,0.82,28.15
H4101D,H4101D294,[LM6] Laurea Magistrale Ciclo Unico 6 anni,33,27,0.82,
I0201D,I0201D117,[L2] Corso di Laurea - L2,62,51,0.82,23.8
581,A5810037,[LM5] Laurea Magistrale Ciclo Unico 5 anni,123,102,0.83,29.21
E0201Q,E0201Q072,[L2] Corso di Laurea - L2,163,136,0.83,28.03
E1801M,E1901R101,[L2] Corso di Laurea - L2,59,49,0.83,26.73
E3001Q,E3001Q052,[L2] Corso di Laurea - L2,41,34,0.83,26.12
E3101Q,E3101Q126,[L2] Corso di Laurea - L2,36,30,0.83,25
E3301M,E3301M004,[L2] Corso di Laurea - L2,282,233,0.83,24.15
E3301M,E3301M145,[L2] Corso di Laurea - L2,108,90,0.83,28.76
E3901N,E3901N002,[L2] Corso di Laurea - L2,99,82,0.83,26.05
E4001N,E4001N054,[L2] Corso di Laurea - L2,163,136,0.83,25.24
F0101R,F0101R010,[LM] Corso di Laurea Magistrale,35,29,0.83,28.83
F5701R,F5701R010,[LM] Corso di Laurea Magistrale,132,110,0.83,28.49
F5701R,F5701R030,[LM] Corso di Laurea Magistrale,126,105,0.83,26.39
F8204B,F8204B018,[LM] Corso di Laurea Magistrale,35,29,0.83,26.14
F8501R,F8501R035,[LM] Corso di Laurea Magistrale,46,38,0.83,28.82
F8701N,F8701N039,[LM] Corso di Laurea Magistrale,54,45,0.83,29.91
G8501R,G8501R011,[LM5] Laurea Magistrale Ciclo Unico 5 anni,326,271,0.83,26.86
G8501R,G8501R016,[LM5] Laurea Magistrale Ciclo Unico 5 anni,343,286,0.83,26.03
G8501R,G8501R018,[LM5] Laurea Magistrale Ciclo Unico 5 anni,319,266,0.83,25.14
I0102D,I0102D901,[L2] Corso di Laurea - L2,40,33,0.83,27.79
I0201D,I0201D109,[L2] Corso di Laurea - L2,65,54,0.83,24
E1803M,E1803M070,[L2] Corso di Laurea - L2,94,79,0.84,25.53
E2001R,E2001R028,[L2] Corso di Laurea - L2,44,37,0.84,25.81
E2401P,E2401P032,[L2] Corso di Laurea - L2,133,112,0.84,28.03
E3901N,E3901N008,[L2] Corso di Laurea - L2,95,80,0.84,26.18
F0101R,F0101R003,[LM] Corso di Laurea Magistrale,32,27,0.84,29.44
F5701R,F5701R019,[LM] Corso di Laurea Magistrale,89,75,0.84,28.32
F5701R,F5701R020,[LM] Corso di Laurea Magistrale,69,58,0.84,29.33
F7501Q,F7501Q036,[LM] Corso di Laurea Magistrale,44,37,0.84,27.68
F7701M,F7701M097,[LM] Corso di Laurea Magistrale,61,51,0.84,28.37
F7702M,F7702M056,[LM] Corso di Laurea Magistrale,146,123,0.84,27.67
F8501R,F8501R016,[LM] Corso di Laurea Magistrale,37,31,0.84,28.42
H4101D,H4101D030,[LM6] Laurea Magistrale Ciclo Unico 6 anni,120,101,0.84,29.38
I0201D,I0201D102,[L2] Corso di Laurea - L2,70,59,0.84,25.81
E0201Q,E0201Q069,[L2] Corso di Laurea - L2,75,64,0.85,26.92
E1501N,E1501N011,[L2] Corso di Laurea - L2,110,94,0.85,28.39
E1501N,E1501N077,[L2] Corso di Laurea - L2,147,125,0.85,25.52
E1501N,E1501N081,[L2] Corso di Laurea - L2,121,103,0.85,24.27
E1803M,E1803M075,[L2] Corso di Laurea - L2,218,186,0.85,24.94
E1901R,E1901R007,[L2] Corso di Laurea - L2,475,403,0.85,25.48
E1901R,E1901R086,[L2] Corso di Laurea - L2,101,86,0.85,27.88
E2004P,E2004P009,[L2] Corso di Laurea - L2,110,94,0.85,27.14
E3101Q,E3101Q128,[L2] Corso di Laurea - L2,196,167,0.85,23.62
E3201Q,E3201Q082,[L2] Corso di Laurea - L2,34,29,0.85,26.24
E3901N,E3901N023,[L2] Corso di Laurea - L2,89,76,0.85,28.05
E4101B,E4101B022,[L2] Corso di Laurea - L2,79,67,0.85,25.58
F1601M,F1601M050,[LM] Corso di Laurea Magistrale,73,62,0.85,25.92
F1601M,F1601M054,[LM] Corso di Laurea Magistrale,82,70,0.85,26.97
F7701M,F7701M092,[LM] Corso di Laurea Magistrale,105,89,0.85,27.82
F7701M,F7701M098,[LM] Corso di Laurea Magistrale,143,122,0.85,28.21
F8501R,F8501R057,[LM] Corso di Laurea Magistrale,54,46,0.85,27.65
F8701N,F8701N036,[LM] Corso di Laurea Magistrale,48,41,0.85,
F9201P,F9201P201,[LM] Corso di Laurea Magistrale,40,34,0.85,28.68
G8501R,G8501R028,[LM5] Laurea Magistrale Ciclo Unico 5 anni,252,215,0.85,28.96
H4101D,H4101D011,[LM6] Laurea Magistrale Ciclo Unico 6 anni,158,135,0.85,
I0201D,I0201D103,[L2] Corso di Laurea - L2,67,57,0.85,24.89
581,A5810052,[LM5] Laurea Magistrale Ciclo Unico 5 anni,36,31,0.86,28.87
E1501N,E1501N082,[L2] Corso di Laurea - L2,189,162,0.86,27.66
E1601N,E1601N050,[L2] Corso di Laurea - L2,118,102,0.86,25.71
E1901R,E1901R078,[L2] Corso di Laurea - L2,616,530,0.86,26.82
E1901R,E1901R081,[L2] Corso di Laurea - L2,297,254,0.86,28
E2004P,E2004P005,[L2] Corso di Laurea - L2,123,106,0.86,25.78
E2401P,E2401P103,[L2] Corso di Laurea - L2,408,352,0.86,25.13
E3101Q,E3101Q109,[L2] Corso di Laurea - L2,270,231,0.86,27.38
E4101B,E4102B066,[L2] Corso di Laurea - L2,56,48,0.86,28.02
F0601Q,F0601Q049,[LM] Corso di Laurea Magistrale,44,38,0.86,28.79
F0901D,F0901D042,[LM] Corso di Laurea Magistrale,42,36,0.86,26.78
F1801Q,F1801Q128,[LM] Corso di Laurea Magistrale,59,51,0.86,29.69
F5101P,F5101P126,[LM] Corso di Laurea Magistrale,244,210,0.86,29.18
F7701M,F7701M076,[LM] Corso di Laurea Magistrale,162,139,0.86,27.83
I0102D,I0102D017,[L2] Corso di Laurea - L2,35,30,0.86,28.53
I0102D,I0102D905,[L2] Corso di Laurea - L2,35,30,0.86,28.3
581,A5810076,[LM5] Laurea Magistrale Ciclo Unico 5 anni,38,33,0.87,28.88
E1401A,E1401A033,[L2] Corso di Laurea - L2,45,39,0.87,25.82
E1801M,E1801M035,[L2] Corso di Laurea - L2,316,275,0.87,27.09
E1802M,E1802M121,[L2] Corso di Laurea - L2,226,196,0.87,26.56
E1802M,E1802M133,[L2] Corso di Laurea - L2,226,197,0.87,26.63
E1802M,E3301M146,[L2] Corso di Laurea - L2,31,27,0.87,28.67
E2001R,E2001R060,[L2] Corso di Laurea - L2,52,45,0.87,25.56
E2401P,E2401P005,[L2] Corso di Laurea - L2,447,387,0.87,26.07
E2401P,E2401P030,[L2] Corso di Laurea - L2,93,81,0.87,28.38
E3101Q,E3101Q123,[L2] Corso di Laurea - L2,189,164,0.87,26.73
E3501Q,E3501Q066,[L2] Corso di Laurea - L2,91,79,0.87,25.38
F1601M,F1601M051,[LM] Corso di Laurea Magistrale,98,85,0.87,26.91
F5104P,F5104P008,[LM] Corso di Laurea Magistrale,76,66,0.87,28.61
F6302N,F6302N015,[LM] Corso di Laurea Magistrale,46,40,0.87,28
F8204B,F8204B017,[LM] Corso di Laurea Magistrale,60,52,0.87,28.79
F8501R,F8501R058,[LM] Corso di Laurea Magistrale,114,99,0.87,27.33
G8501R,G8501R008,[LM5] Laurea Magistrale Ciclo Unico 5 anni,302,262,0.87,
G8501R,G8501R030,[LM5] Laurea Magistrale Ciclo Unico 5 anni,315,274,0.87,28.15
I0101D,I0101D003,[L2] Corso di Laurea - L2,329,285,0.87,22.97
I0201D,I0201D111,[L2] Corso di Laurea - L2,62,54,0.87,25.48
581,A5810109,[LM5] Laurea Magistrale Ciclo Unico 5 anni,43,38,0.88,28.08
E1801M,E1801M045,[L2] Corso di Laurea - L2,198,174,0.88,26.17
E1801M,E3301M140,[L2] Corso di Laurea - L2,40,35,0.88,26.91
E1802M,E1802M122,[L2] Corso di Laurea - L2,210,184,0.88,28.96
E1901R,E1901R082,[L2] Corso di Laurea - L2,382,335,0.88,27.05
E2001R,E2001R038,[L2] Corso di Laurea - L2,68,60,0.88,28.07
E2004P,E2004P037,[L2] Corso di Laurea - L2,68,60,0.88,26.62
E2401P,E2401P006,[L2] Corso di Laurea - L2,194,171,0.88,25.96
E2401P,E2401P019,[L2] Corso di Laurea - L2,166,146,0.88,27.26
E2702Q,E2702Q073,[L2] Corso di Laurea - L2,49,43,0.88,26.16
E3101Q,E3101Q120,[L2] Corso di Laurea - L2,51,45,0.88,27.62
E3301M,E3301M160,[L2] Corso di Laurea - L2,32,28,0.88,26.11
E3401Q,E3401Q045,[L2] Corso di Laurea - L2,66,58,0.88,26.79
F0901D,F0901D041,[LM] Corso di Laurea Magistrale,32,28,0.88,27.71
F5701R,F5701R004,[LM] Corso di Laurea Magistrale,115,101,0.88,29.17
F7601M,F7601M012,[LM] Corso di Laurea Magistrale,57,50,0.88,26.54
F7601M,F7601M061,[LM] Corso di Laurea Magistrale,40,35,0.88,28.11
F7701M,F7701M044,[LM] Corso di Laurea Magistrale,42,37,0.88,28.68
F8501R,F8501R015,[LM] Corso di Laurea Magistrale,60,53,0.88,27.11
G8501R,G8501R009,[LM5] Laurea Magistrale Ciclo Unico 5 anni,302,265,0.88,25.72
G8501R,G8501R027,[LM5] Laurea Magistrale Ciclo Unico 5 anni,280,245,0.88,27.13
I0102D,I0102D003,[L2] Corso di Laurea - L2,34,30,0.88,24.7
E2004P,E2004P003,[L2] Corso di Laurea - L2,120,107,0.89,27.65
E2401P,E2401P011,[L2] Corso di Laurea - L2,360,321,0.89,27.78
E2401P,E2401P119,[L2] Corso di Laurea - L2,134,119,0.89,27.29
E2702Q,E2702Q087,[L2] Corso di Laurea - L2,64,57,0.89,27
E3301M,E3301M155,[L2] Corso di Laurea - L2,35,31,0.89,25.97
E4101B,E4101B016,[L2] Corso di Laurea - L2,83,74,0.89,25.53
F0101R,F0101R009,[LM] Corso di Laurea Magistrale,38,34,0.89,29.53
F5101P,F5101P138,[LM] Corso di Laurea Magistrale,35,31,0.89,28.19
F5103P,F5103P076,[LM] Corso di Laurea Magistrale,76,68,0.89,27.9
F7701M,F7701M095,[LM] Corso di Laurea Magistrale,37,33,0.89,28.67
G8501R,G8501R029,[LM5] Laurea Magistrale Ciclo Unico 5 anni,281,251,0.89,26.38
H4101D,H4101D273,[LM6] Laurea Magistrale Ciclo Unico 6 anni,38,34,0.89,
I0201D,I0201D116,[L2] Corso di Laurea - L2,56,50,0.89,27.2
I0201D,LING,[L2] Corso di Laurea - L2,36,32,0.89,
E0201Q,E0201Q068,[L2] Corso di Laurea - L2,125,112,0.9,28.01
E1501N,E1501N083,[L2] Corso di Laurea - L2,173,156,0.9,26.59
E1601N,E1601N017,[L2] Corso di Laurea - L2,139,125,0.9,26.76
E1801M,E1801M044,[L2] Corso di Laurea - L2,217,196,0.9,26.3
E1803M,E3301M154,[L2] Corso di Laurea - L2,68,61,0.9,26.64
E2004P,E2004P040,[L2] Corso di Laurea - L2,39,35,0.9,28.17
E2702Q,E2702Q058,[L2] Corso di Laurea - L2,58,52,0.9,26.62
E3201Q,E3201Q075,[L2] Corso di Laurea - L2,52,47,0.9,27.09
E3501Q,E3501Q014,[L2] Corso di Laurea - L2,31,28,0.9,25.61
E3901N,E3901N022,[L2] Corso di Laurea - L2,73,66,0.9,
F7701M,F7701M102,[LM] Corso di Laurea Magistrale,156,140,0.9,27.13
H4101D,H4101D069,[LM6] Laurea Magistrale Ciclo Unico 6 anni,31,28,0.9,
I0201D,I0201D108,[L2] Corso di Laurea - L2,60,54,0.9,21.54
E1601N,E1601N021,[L2] Corso di Laurea - L2,99,90,0.91,22.03
E1801M,E1801M042,[L2] Corso di Laurea - L2,316,287,0.91,26.94
E1801M,E1801M043,[L2] Corso di Laurea - L2,281,256,0.91,25.89
E3301M,E3301M149,[L2] Corso di Laurea - L2,55,50,0.91,25.88
E3301M,E3301M191,[L2] Corso di Laurea - L2,227,206,0.91,25.23
F1601M,F1601M052,[LM] Corso di Laurea Magistrale,103,94,0.91,26.98
F5701R,F5701R001,[LM] Corso di Laurea Magistrale,35,32,0.91,29.56
F7702M,F7702M017,[LM] Corso di Laurea Magistrale,133,121,0.91,
I0102D,I0102D904,[L2] Corso di Laurea - L2,33,30,0.91,27.2
E1401A,E1401A088,[L2] Corso di Laurea - L2,73,67,0.92,29.55
E1901R,E1901R077,[L2] Corso di Laurea - L2,449,412,0.92,26.63
E3901N,E3901N037,[L2] Corso di Laurea - L2,72,66,0.92,28.35
F0601Q,F0601Q054,[LM] Corso di Laurea Magistrale,37,34,0.92,27.44
F0802Q,F0802Q040,[LM] Corso di Laurea Magistrale,64,59,0.92,28.31
F0901D,F0901D027,[LM] Corso di Laurea Magistrale,37,34,0.92,28.56
F5104P,F5104P009,[LM] Corso di Laurea Magistrale,89,82,0.92,28.68
F6302N,F6302N002,[LM] Corso di Laurea Magistrale,96,88,0.92,27.94
F7701M,F7701M096,[LM] Corso di Laurea Magistrale,78,72,0.92,28.61
F8203B,F8203B031,[LM] Corso di Laurea Magistrale,36,33,0.92,29.64
F8501R,F8501R003,[LM] Corso di Laurea Magistrale,74,68,0.92,27.44
G8501R,G8501R015,[LM5] Laurea Magistrale Ciclo Unico 5 anni,346,320,0.92,
H4101D,H4101D005,[LM6] Laurea Magistrale Ciclo Unico 6 anni,76,70,0.92,
E1401A,E1401A070,[L2] Corso di Laurea - L2,86,80,0.93,
E1901R,E1901R088,[L2] Corso di Laurea - L2,217,202,0.93,26.94
E1901R,E1901R095,[L2] Corso di Laurea - L2,500,464,0.93,
E2401P,E2401P068,[L2] Corso di Laurea - L2,107,99,0.93,26.77
E3901N,E3901N034,[L2] Corso di Laurea - L2,69,64,0.93,27.14
F7501Q,F7501Q037,[LM] Corso di Laurea Magistrale,61,57,0.93,26.84
F7701M,F7701M094,[LM] Corso di Laurea Magistrale,54,50,0.93,28.88
F7702M,F7702M006,[LM] Corso di Laurea Magistrale,119,111,0.93,28.08
F8701N,F8701N002,[LM] Corso di Laurea Magistrale,57,53,0.93,29.7
G8501R,G8501R022,[LM5] Laurea Magistrale Ciclo Unico 5 anni,341,317,0.93,
I0201D,I0201D119,[L2] Corso di Laurea - L2,56,52,0.93,26.1
E0201Q,E0201Q047,[L2] Corso di Laurea - L2,176,166,0.94,26.55
E1301Q,E1301Q058,[L2] Corso di Laurea - L2,79,74,0.94,26.03
E1901R,E1901R096,[L2] Corso di Laurea - L2,501,472,0.94,
E3002Q,E3002Q012,[L2] Corso di Laurea - L2,48,45,0.94,26.82
E3002Q,E3002Q037,[L2] Corso di Laurea - L2,48,45,0.94,25.93
F1601M,F1601M066,[LM] Corso di Laurea Magistrale,66,62,0.94,28.16
F1801Q,F1801Q115,[LM] Corso di Laurea Magistrale,36,34,0.94,29.32
F5101P,F5101P129,[LM] Corso di Laurea Magistrale,35,33,0.94,
F5103P,F5103P073,[LM] Corso di Laurea Magistrale,79,74,0.94,28.84
F5701R,F5701R024,[LM] Corso di Laurea Magistrale,121,114,0.94,
F9201P,F9201P032,[LM] Corso di Laurea Magistrale,32,30,0.94,29.8
H4601D,H4601D068,[LM6] Laurea Magistrale Ciclo Unico 6 anni,31,29,0.94,
I0101D,I0101D101,[L2] Corso di Laurea - L2,70,66,0.94,
I0101D,I0101D117,[L2] Corso di Laurea - L2,80,75,0.94,
I0101D,I0101D118,[L2] Corso di Laurea - L2,115,108,0.94,
E1501N,E1501N072,[L2] Corso di Laurea - L2,186,176,0.95,26.12
E1802M,E1801M043,[L2] Corso di Laurea - L2,37,35,0.95,26.2
E1901R,E1901R091,[L2] Corso di Laurea - L2,287,274,0.95,27.75
E3901N,E3901N018,[L2] Corso di Laurea - L2,78,74,0.95,25.54
F1801Q,F1801Q127,[LM] Corso di Laurea Magistrale,79,75,0.95,27.96
F6302N,F6302N023,[LM] Corso di Laurea Magistrale,41,39,0.95,29.38
F7702M,F7702M059,[LM] Corso di Laurea Magistrale,122,116,0.95,28.35
F8501R,F8501R033,[LM] Corso di Laurea Magistrale,170,162,0.95,
G8501R,G8501R025,[LM5] Laurea Magistrale Ciclo Unico 5 anni,313,296,0.95,
G8501R,G8501R034,[LM5] Laurea Magistrale Ciclo Unico 5 anni,307,291,0.95,
H4101D,H4101D028,[LM6] Laurea Magistrale Ciclo Unico 6 anni,117,111,0.95,29.29
H4101D,H4101D243,[LM6] Laurea Magistrale Ciclo Unico 6 anni,39,37,0.95,
H4101D,H4101D280,[LM6] Laurea Magistrale Ciclo Unico 6 anni,44,42,0.95,
I0101D,I0101D103,[L2] Corso di Laurea - L2,136,129,0.95,
I0101D,I0101D111,[L2] Corso di Laurea - L2,81,77,0.95,
I0101D,I0101D119,[L2] Corso di Laurea - L2,60,57,0.95,
I0101D,I0101D120,[L2] Corso di Laurea - L2,40,38,0.95,
I0201D,I0201D107,[L2] Corso di Laurea - L2,61,58,0.95,28.78
E1301Q,E1301Q070,[L2] Corso di Laurea - L2,108,104,0.96,26.41
E2401P,E2401P040,[L2] Corso di Laurea - L2,251,242,0.96,
E2401P,E2401P064,[L2] Corso di Laurea - L2,71,68,0.96,27.93
E3201Q,E3201Q088,[L2] Corso di Laurea - L2,52,50,0.96,25.42
E3201Q,E3201Q090,[L2] Corso di Laurea - L2,74,71,0.96,26.38
E3901N,E3901N007,[L2] Corso di Laurea - L2,72,69,0.96,25.81
E3901N,E3901N020,[L2] Corso di Laurea - L2,98,94,0.96,
E4001N,E4001N045,[L2] Corso di Laurea - L2,110,106,0.96,24.93
F1801Q,F1801Q130,[LM] Corso di Laurea Magistrale,96,92,0.96,28.45
F1801Q,F1801Q137,[LM] Corso di Laurea Magistrale,51,49,0.96,29.59
F8701N,F8701N045,[LM] Corso di Laurea Magistrale,47,45,0.96,28.38
H4101D,H4101D015,[LM6] Laurea Magistrale Ciclo Unico 6 anni,148,142,0.96,
H4101D,H4101D067,[LM6] Laurea Magistrale Ciclo Unico 6 anni,50,48,0.96,
H4101D,H4101D205,[LM6] Laurea Magistrale Ciclo Unico 6 anni,140,135,0.96,
I0101D,I0101D109,[L2] Corso di Laurea - L2,80,77,0.96,
I0101D,I0101D116,[L2] Corso di Laurea - L2,109,105,0.96,
E1802M,E1801M042,[L2] Corso di Laurea - L2,38,37,0.97,26.86
E2004P,E2004P027,[L2] Corso di Laurea - L2,59,57,0.97,28.47
E2401P,E2401P031,[L2] Corso di Laurea - L2,203,197,0.97,28.57
E3101Q,E3101Q106,[L2] Corso di Laurea - L2,237,229,0.97,25.15
E3301M,E3301M141,[L2] Corso di Laurea - L2,66,64,0.97,26.09
E4101B,E4101B021,[L2] Corso di Laurea - L2,39,38,0.97,26.55
F1601M,F1601M057,[LM] Corso di Laurea Magistrale,37,36,0.97,25.92
F5102P,F5102P011,[LM] Corso di Laurea Magistrale,97,94,0.97,
F5102P,F5102P095,[LM] Corso di Laurea Magistrale,37,36,0.97,30
F6302N,F6302N017,[LM] Corso di Laurea Magistrale,86,83,0.97,27.73
F8701N,F8701N010,[LM] Corso di Laurea Magistrale,39,38,0.97,28.95
H4101D,H4101D057,[LM6] Laurea Magistrale Ciclo Unico 6 anni,34,33,0.97,
H4101D,H4101D087,[LM6] Laurea Magistrale Ciclo Unico 6 anni,31,30,0.97,
H4101D,H4101D203,[LM6] Laurea Magistrale Ciclo Unico 6 anni,147,142,0.97,
I0101D,I0101D024,[L2] Corso di Laurea - L2,217,210,0.97,
I0101D,I0101D110,[L2] Corso di Laurea - L2,101,98,0.97,
I0101D,I0101D112,[L2] Corso di Laurea - L2,79,77,0.97,
I0101D,I0101D125,[L2] Corso di Laurea - L2,38,37,0.97,
I0101D,I0101D902,[L2] Corso di Laurea - L2,244,236,0.97,26.59
I0101D,I0101D904,[L2] Corso di Laurea - L2,208,201,0.97,28.27
I0201D,I0201D105,[L2] Corso di Laurea - L2,61,59,0.97,27.46
E1301Q,E1301Q035,[L2] Corso di Laurea - L2,114,112,0.98,28.36
E2401P,E2401P116,[L2] Corso di Laurea - L2,50,49,0.98,28.08
E2702Q,E2702Q094,[L2] Corso di Laurea - L2,63,62,0.98,26.45
E3101Q,E3101Q115,[L2] Corso di Laurea - L2,48,47,0.98,23.96
E3401Q,E3401Q033,[L2] Corso di Laurea - L2,88,86,0.98,
F4901N,F4901N073,[LM] Corso di Laurea Magistrale,45,44,0.98,28.23
F6302N,F6302N009,[LM] Corso di Laurea Magistrale,59,58,0.98,26.43
F6302N,F6302N010,[LM] Corso di Laurea Magistrale,58,57,0.98,27.4
F8701N,F8701N014,[LM] Corso di Laurea Magistrale,40,39,0.98,29.08
G8501R,G8501R035,[LM5] Laurea Magistrale Ciclo Unico 5 anni,251,245,0.98,
H4101D,H4101D041,[LM6] Laurea Magistrale Ciclo Unico 6 anni,115,113,0.98,
I0101D,I0101D107,[L2] Corso di Laurea - L2,128,126,0.98,
I0201D,I0201D113,[L2] Corso di Laurea - L2,54,53,0.98,
I0201D,I0201D118,[L2] Corso di Laurea - L2,53,52,0.98,25.46
581,A5810112,[LM5] Laurea Magistrale Ciclo Unico 5 anni,129,128,0.99,
E0201Q,E0201Q048,[L2] Corso di Laurea - L2,160,158,0.99,27.65
E1301Q,E1301Q056,[L2] Corso di Laurea - L2,80,79,0.99,26.04
E1401A,E1401A071,[L2] Corso di Laurea - L2,76,75,0.99,
E1401A,E1401A072,[L2] Corso di Laurea - L2,184,183,0.99,
E1501N,E1501N002,[L2] Corso di Laurea - L2,114,113,0.99,23.35
E1601N,E1601N044,[L2] Corso di Laurea - L2,110,109,0.99,26.44
E2401P,E2401P039,[L2] Corso di Laurea - L2,271,267,0.99,
E3901N,E3901N001,[L2] Corso di Laurea - L2,82,81,0.99,26.51
E3901N,E3901N017,[L2] Corso di Laurea - L2,74,73,0.99,27.73
F5101P,F5101P109,[LM] Corso di Laurea Magistrale,77,76,0.99,
F5102P,F5102P007,[LM] Corso di Laurea Magistrale,99,98,0.99,28.96
F5103P,F5103P006,[LM] Corso di Laurea Magistrale,67,66,0.99,26.88
F6302N,F6302N008,[LM] Corso di Laurea Magistrale,71,70,0.99,27.57
F6302N,F6302N016,[LM] Corso di Laurea Magistrale,74,73,0.99,26.67
G8501R,G8501R031,[LM5] Laurea Magistrale Ciclo Unico 5 anni,272,268,0.99,
G8501R,G8501R033,[LM5] Laurea Magistrale Ciclo Unico 5 anni,316,314,0.99,
I0101D,I0101D115,[L2] Corso di Laurea - L2,112,111,0.99,
I0101D,I0101D903,[L2] Corso di Laurea - L2,215,212,0.99,26.95
581,A5810111,[LM5] Laurea Magistrale Ciclo Unico 5 anni,179,179,1,
581,A5810113,[LM5] Laurea Magistrale Ciclo Unico 5 anni,254,253,1,
E1501N,E1501N009,[L2] Corso di Laurea - L2,130,130,1,24.85
E1501N,E1501N078,[L2] Corso di Laurea - L2,149,149,1,24.03
E1601N,E1601N001,[L2] Corso di Laurea - L2,166,166,1,24.72
E1601N,E1601N033,[L2] Corso di Laurea - L2,103,103,1,27.26
E1601N,E1601N034,[L2] Corso di Laurea - L2,76,76,1,25.74
E1601N,E1601N040,[L2] Corso di Laurea - L2,184,184,1,24.84
E1601N,E1601N054,[L2] Corso di Laurea - L2,62,62,1,25.37
E1601N,E1601N055,[L2] Corso di Laurea - L2,78,78,1,25.22
E1801M,E1601N033,[L2] Corso di Laurea - L2,36,36,1,26.86
E1901R,E1901R098,[L2] Corso di Laurea - L2,462,462,1,
E2001R,E4001N067,[L2] Corso di Laurea - L2,44,44,1,25.84
E2004P,E2004P024,[L2] Corso di Laurea - L2,74,74,1,
E2004P,E2004P036,[L2] Corso di Laurea - L2,101,101,1,26.26
E2401P,E2401P038,[L2] Corso di Laurea - L2,137,137,1,
E2401P,E2401P049,[L2] Corso di Laurea - L2,155,155,1,
E2401P,E2401P050,[L2] Corso di Laurea - L2,32,32,1,
E2401P,E2401P052,[L2] Corso di Laurea - L2,191,191,1,
E2401P,E2401P053,[L2] Corso di Laurea - L2,76,76,1,
E2401P,E2401P104,[L2] Corso di Laurea - L2,53,53,1,
E2401P,E2401P105,[L2] Corso di Laurea - L2,70,70,1,
E2401P,E2401P110,[L2] Corso di Laurea - L2,53,53,1,
E2401P,E2401P111,[L2] Corso di Laurea - L2,35,35,1,
E2401P,E2401P112,[L2] Corso di Laurea - L2,32,32,1,
E2401P,E2401P114,[L2] Corso di Laurea - L2,127,127,1,
E3101Q,E3101Q105,[L2] Corso di Laurea - L2,281,281,1,26.61
E3101Q,E3101Q111,[L2] Corso di Laurea - L2,234,233,1,26.21
E3201Q,E3201Q083,[L2] Corso di Laurea - L2,45,45,1,27.36
E3901N,E3901N005,[L2] Corso di Laurea - L2,87,87,1,25.99
E3901N,E3901N010,[L2] Corso di Laurea - L2,69,69,1,23.77
E3901N,E3901N032,[L2] Corso di Laurea - L2,58,58,1,25.16
E3901N,E3901N035,[L2] Corso di Laurea - L2,74,74,1,27.34
E4001N,E4001N011,[L2] Corso di Laurea - L2,54,54,1,22.78
E4001N,E4001N046,[L2] Corso di Laurea - L2,190,190,1,25.13
E4001N,E4001N048,[L2] Corso di Laurea - L2,78,78,1,24.67
E4001N,E4001N058,[L2] Corso di Laurea - L2,91,91,1,23.53
E4001N,E4001N065,[L2] Corso di Laurea - L2,54,54,1,24.52
E4001N,E4001N066,[L2] Corso di Laurea - L2,106,106,1,25.06
E4001N,E4001N067,[L2] Corso di Laurea - L2,151,151,1,25.69
E4101B,E4101B026,[L2] Corso di Laurea - L2,41,41,1,29.12
F0901D,F0901D054,[LM] Corso di Laurea Magistrale,34,34,1,
F4901N,F4901N072,[LM] Corso di Laurea Magistrale,39,39,1,27.1
F5101P,F5101P039,[LM] Corso di Laurea Magistrale,41,41,1,
F5101P,F5101P108,[LM] Corso di Laurea Magistrale,64,64,1,
F5101P,F5101P130,[LM] Corso di Laurea Magistrale,70,70,1,
F5101P,F5101P131,[LM] Corso di Laurea Magistrale,40,40,1,
F5101P,F5101P132,[LM] Corso di Laurea Magistrale,55,55,1,
F5101P,F5101P144,[LM] Corso di Laurea Magistrale,39,39,1,
F5103P,F5103P041,[LM] Corso di Laurea Magistrale,48,48,1,
F5103P,F5103P048,[LM] Corso di Laurea Magistrale,54,54,1,
F5103P,F5103P060,[LM] Corso di Laurea Magistrale,68,68,1,
F6302N,F6302N005,[LM] Corso di Laurea Magistrale,67,67,1,28.22
F8204B,F8204B026,[LM] Corso di Laurea Magistrale,33,33,1,28.42
F8701N,F8701N001,[LM] Corso di Laurea Magistrale,41,41,1,25.51
F8801N,F8801N037,[LM] Corso di Laurea Magistrale,32,32,1,25.88
G8501R,G8501R020,[LM5] Laurea Magistrale Ciclo Unico 5 anni,290,289,1,
G8501R,G8501R032,[LM5] Laurea Magistrale Ciclo Unico 5 anni,327,326,1,
G8501R,G8501R038,[LM5] Laurea Magistrale Ciclo Unico 5 anni,190,190,1,29.08
H4101D,H4101D026,[LM6] Laurea Magistrale Ciclo Unico 6 anni,117,117,1,29.39
H4101D,H4101D056,[LM6] Laurea Magistrale Ciclo Unico 6 anni,57,57,1,
H4101D,H4101D096,[LM6] Laurea Magistrale Ciclo Unico 6 anni,31,31,1,
H4101D,H4101D204,[LM6] Laurea Magistrale Ciclo Unico 6 anni,135,135,1,
H4101D,H4101D281,[LM6] Laurea Magistrale Ciclo Unico 6 anni,31,31,1,
H4101D,H4101D296,[LM6] Laurea Magistrale Ciclo Unico 6 anni,32,32,1,
I0101D,I0101D021,[L2] Corso di Laurea - L2,253,253,1,
I0101D,I0101D022,[L2] Corso di Laurea - L2,226,226,1,
I0101D,I0101D023,[L2] Corso di Laurea - L2,227,227,1,
I0101D,I0101D102,[L2] Corso di Laurea - L2,62,62,1,
I0101D,I0101D106,[L2] Corso di Laurea - L2,36,36,1,
I0101D,I0101D122,[L2] Corso di Laurea - L2,70,70,1,
I0101D,I0101D123,[L2] Corso di Laurea - L2,57,57,1,
I0101D,I0101D126,[L2] Corso di Laurea - L2,49,49,1,
I0102D,I0102D021,[L2] Corso di Laurea - L2,34,34,1,
I0102D,I0102D024,[L2] Corso di Laurea - L2,31,31,1,
I0102D,I0102D111,[L2] Corso di Laurea - L2,32,32,1,28.31
I0102D,I0102D122,[L2] Corso di Laurea - L2,36,36,1,
I0201D,I0201D013,[L2] Corso di Laurea - L2,53,53,1,
I0201D,I0201D106,[L2] Corso di Laurea - L2,56,56,1,
I0201D,I0201D114,[L2] Corso di Laurea - L2,54,54,1,28.37
I0201D,I0201D120,[L2] Corso di Laurea - L2,52,52,1,28.81
I0301D,I0301D026,[L2] Corso di Laurea - L2,31,31,1,
